
INSERT INTO `tbl_user` (`USER_ID`, `USER_FULL_NAME`, `USER_ORG`, `USER_NAME`, `USER_TYPE`, `USER_PASSWORD`, `CREATED_BY`, `CREATED_DATE`, `USER_STATUS`, `USER_SALT`, `USER_EXPIRED`, `USER_CLN`, `roleId`) VALUES
(3, 'Saw Eh Khu', NULL, 'ehkhu', NULL, '$2a$10$rsRojUsS5Lkc62PXI98vw.g1pWwT5n/m.8eukmAv5kjHGiPpeOX9e', NULL, NULL, 1, NULL, NULL, NULL, 1);

Insert into TBL_DISEASE (DIS_CODE,DIS_CODELBL,DIS_NAME,DIS_DESCRIPTION) values ('DIS_001','ABD','Acute bloddy diarrhea','desc1');
Insert into TBL_DISEASE (DIS_CODE,DIS_CODELBL,DIS_NAME,DIS_DESCRIPTION) values ('DIS_002','AWD_Sc','Acute Watery Diarrhea , severe dehydration','desc2');
Insert into TBL_DISEASE (DIS_CODE,DIS_CODELBL,DIS_NAME,DIS_DESCRIPTION) values ('DIS_003','AWD_MD','Acute Watery Diarrhea , mild-mod dehydration','desc3');
Insert into TBL_DISEASE (DIS_CODE,DIS_CODELBL,DIS_NAME,DIS_DESCRIPTION) values ('DIS_004','AJS','Acute Jaundice Syndrome','desc4');
Insert into TBL_DISEASE (DIS_CODE,DIS_CODELBL,DIS_NAME,DIS_DESCRIPTION) values ('DIS_005','SARI','Severe Acute Respiratory Illness','desc5');
Insert into TBL_DISEASE (DIS_CODE,DIS_CODELBL,DIS_NAME,DIS_DESCRIPTION) values ('DIS_006','ILI','Influenza like illness','desc6');
Insert into TBL_DISEASE (DIS_CODE,DIS_CODELBL,DIS_NAME,DIS_DESCRIPTION) values ('DIS_007','AFP','Acute Flaccid Paralysis','desc7');
Insert into TBL_DISEASE (DIS_CODE,DIS_CODELBL,DIS_NAME,DIS_DESCRIPTION) values ('DIS_008','MEN','Suspected acute meningitis','desc8');
Insert into TBL_DISEASE (DIS_CODE,DIS_CODELBL,DIS_NAME,DIS_DESCRIPTION) values ('DIS_009','SDHF','Suspected dengue haemorrhagic fever','desc9');
Insert into TBL_DISEASE (DIS_CODE,DIS_CODELBL,DIS_NAME,DIS_DESCRIPTION) values ('DIS_010','MSL','Suspected measles','desc10');
Insert into TBL_DISEASE (DIS_CODE,DIS_CODELBL,DIS_NAME,DIS_DESCRIPTION) values ('DIS_011','CM','Confirmed malaria','desc11');
Insert into TBL_DISEASE (DIS_CODE,DIS_CODELBL,DIS_NAME,DIS_DESCRIPTION) values ('DIS_012','NNT','Neonatal tetanus','desc12');
Insert into TBL_DISEASE (DIS_CODE,DIS_CODELBL,DIS_NAME,DIS_DESCRIPTION) values ('DIS_013','AES','Acute Encephalitis Syndrome','desc13');
Insert into TBL_DISEASE (DIS_CODE,DIS_CODELBL,DIS_NAME,DIS_DESCRIPTION) values ('DIS_014','UCE','Unusual Cluster of health events','desc14');
Insert into TBL_DISEASE (DIS_CODE,DIS_CODELBL,DIS_NAME,DIS_DESCRIPTION) values ('DIS_015','UED','Unexplained death','desc15');
Insert into TBL_DISEASE (DIS_CODE,DIS_CODELBL,DIS_NAME,DIS_DESCRIPTION) values ('DIS_016','FUO','Unexplained fevers','desc16');
Insert into TBL_DISEASE (DIS_CODE,DIS_CODELBL,DIS_NAME,DIS_DESCRIPTION) values ('DIS_017','Consultation','Total health care consultations in this month','desc17');

Insert into TBL_DIAGNOSIS (DXCODE,DIAGNOSIS,DXCPI,DXCHDN,DXSSDF,DXTNTH,DXMNHC,DXICD,DXICD11) values
 (1,'Abortion',1,1,1,'Obstetric problems in pregnancy',1,0,'gm'),
 (2,'Acute(moderate/Severe) Malnutrition',1,1,1,'Malnutrition',1,0,'gm'),
 (3,'Anaemia',1,1,1,'Endocrine Diseases',1,1,'gm'),
 (4,'Ante Partum Haemorrhage',1,1,1,'Obstetric problems in pregnancy',1,0,'gm'),
 (5,'Arthritis',1,1,1,'null',1,0,'gm'),
 (6,'Beri Beri',1,0,1,'Malnutrition',1,0,'gm'),
 (7,'Dengue fever',1,0,1,'Viral Diseases (Dengue Fever, Rabies, Measles, Poliomyelitis)',1,0,'gm'),
 (8,'Dengue hemorrhagic fever (Severe Dengue)',1,0,1,'null',1,0,'gm'),
 (9,'Dental Problem',1,0,1,'null',1,0,'gm'),
 (10,'Diabetes',1,0,1,'Endocrine Diseases',1,1,'gm'),
 (11,'Diarrhoea treated with ORS',0,0,1,'null',1,0,'gm'),
 (12,'Diarrhoea treated with ORS+Zinc',0,0,1,'null',1,0,'gm'),
 (13,'Dysentery',1,1,1,'Gastro Intestinal Diseases',1,1,'gm'),
 (14,'Eclampsia/Pre-Eclampsia',1,0,1,'Obstetric problems in pregnancy',1,0,'gm'),
 (15,'Etopic Preganacy',1,0,1,'null',1,0,'gm'),
 (16,'Eyes Problem',1,0,1,'null',1,1,'gm'),
 (17,'Gastritis',1,0,1,'Gastro Intestinal Diseases',1,1,'gm'),
 (18,'Gun Shot Injury',1,1,1,'Trauma',1,0,'gm'),
 (19,'Gynaecology',1,0,1,'null',1,0,'gm'),
 (20,'Hepatatis',1,1,1,'Liver Diseases (Hepatitis, Cirrhosis, Hepatocellular Carcinoma, Biliary Colic)',1,0,'gm'),
 (21,'HIV/AIDS confirm',1,1,1,'HIV and AIDS',1,0,'gm'),
 (22,'HIV/AIDS suspected',1,0,1,'HIV and AIDS',1,0,'gm'),
 (23,'Hypertension',1,1,1,'Cardiovascular Diseases',1,1,'gm'),
 (24,'Intestinal worm',1,1,1,'null',1,0,'gm'),
 (25,'Landmine Injury',1,1,1,'Trauma',1,0,'gm'),
 (26,'Low Birth weight',1,0,1,'Neonatal Problem',1,0,'gm'),
 (27,'Lower Respiratory Tract Infection',1,1,1,'null',1,0,'gm'),
 (28,'Malaria(PF)+',1,1,1,'null',1,0,'gm'),
 (29,'Malaria(PV)+',1,1,1,'null',1,0,'gm'),
 (30,'Measles',1,1,1,'Viral Diseases (Dengue Fever, Rabies, Measles, Poliomyelitis)',1,0,'gm'),
 (31,'Mental Health',1,0,1,'null',1,0,'gm'),
 (32,'Molar Pregnancy',1,0,1,'Obstetric problems in pregnancy',1,0,'gm'),
 (33,'Neonatal Jaundice',1,0,1,'Neonatal Problem',1,0,'gm'),
 (34,'Neonatal Sepsis',1,1,1,'Neonatal Problem',1,0,'gm'),
 (35,'Other Injury',1,0,1,'null',1,0,'gm'),
 (36,'Other Neonatal Cases',1,0,1,'Neonatal Problem',1,0,'gm'),
 (37,'Pneumonia',1,0,1,'Lower Respiratory Tract Infection',1,0,'gm'),
 (38,'Post Partum Haemorrhage',1,1,1,'null',1,0,'gm'),
 (39,'Preterm labour',1,0,1,'Obstetric problems in pregnancy',1,0,'gm'),
 (40,'Road Traffic Injury',1,0,1,'Trauma',1,0,'gm'),
 (41,'Sepsis',1,0,1,'Emergencies',1,0,'gm'),
 (42,'Sexually Transmitted Infection',1,1,1,'Reproductive Tract Infections',1,1,'gm'),
 (43,'Skin Infection',1,1,1,'null',1,0,'gm'),
 (44,'Surgical Case',1,0,1,'null',1,0,'gm'),
 (45,'TB(confirm)',1,1,1,'Chronic Respiratory Diseases',1,0,'gm'),
 (46,'TB(suspected)',1,1,1,'Chronic Respiratory Diseases',1,0,'gm'),
 (47,'Umbilical Infection',1,0,1,'Neonatal Problem',1,0,'gm'),
 (48,'Upper Respiratory Tract Infection',1,1,1,'Upper Respiratory Tract Infection',1,0,'gm'),
 (49,'Urinary Tract Infection',1,0,1,'Genito-Utrine Diseases',1,1,'gm'),
 (50,'Watery Diarrhoea',0,1,1,'null',1,0,'gm'),
 (51,'Wounds',1,0,1,'Skin Disease',1,0,'gm'),
 (52,'Other cases',1,1,1,'null',1,1,'gm'),
 (53,'Malaria (Presumptive)',1,1,0,'null',0,0,'gm'),
 (54,'Suspected Cholera',1,1,0,'null',0,0,'gm'),
 (55,'UTI',0,1,0,'null',0,0,'gm'),
 (56,'Dyspepsia',1,1,0,'null',0,0,'gm'),
 (57,'Road Track Injuries',0,1,0,'null',0,0,'gm'),
 (58,'Exclampsia/Pre-Exclampsia',0,1,0,'null',0,0,'gm'),
 (59,'Post Exposure Prophylaxis(PEP) Treatment',0,0,0,'Post Exposure Prophylaxis',0,0,'gm'),
 (60,'Cardio-Pulmonary Resuscitation(CPR)',0,0,0,'Emergencies',0,0,'gm'),
 (61,'Shock',0,0,0,'Emergencies',0,0,'gm'),
 (62,'Coma',0,0,0,'Emergencies',0,0,'gm'),
 (63,'Convulsions',0,0,0,'Emergencies',0,0,'gm'),
 (64,'Chest Pain',0,0,0,'Emergencies',0,0,'gm'),
 (65,'Gastro-Intestinal Bleeding',0,0,0,'Emergencies',0,0,'gm'),
 (66,'Hypoglycaemia',1,0,0,'Emergencies',0,0,'gm'),
 (67,'Fatigue/Tiredness',0,0,0,'Emergencies',0,0,'gm'),
 (68,'Ischaemic heart disease',1,0,0,'Cardiovascular Diseases',0,0,'gm'),
 (69,'Heart failure',1,0,0,'Cardiovascular Diseases',0,0,'gm'),
 (70,'Rheumatic Fever',1,0,0,'Cardiovascular Diseases',0,0,'gm'),
 (71,'Valvular heart Disease',1,0,0,'Cardiovascular Diseases',0,0,'gm'),
 (72,'Infective endocarditis',1,0,0,'Cardiovascular Diseases',0,0,'gm'),
 (73,'Asthma',1,0,0,'Chronic Respiratory Diseases',0,1,'gm'),
 (74,'Chronic Obstructive Pulmonary Disease',1,0,0,'Chronic Respiratory Diseases',0,0,'gm'),
 (75,'Acute Cholecystitis',1,0,0,'Gastro Intestinal Diseases',0,0,'gm'),
 (76,'Diarrhoea',1,0,0,'Gastro Intestinal Diseases',0,1,'gm'),
 (77,'Cholera',0,0,0,'Gastro Intestinal Diseases',0,0,'gm'),
 (78,'Cirrhosis',1,0,0,'Liver Diseases (Hepatitis, Cirrhosis, Hepatocellular Carcinoma, Biliary Colic)',0,0,'gm'),
 (79,'Urinary Stone',0,0,0,'Genito-Utrine Diseases',0,0,'gm'),
 (80,'Acute Kidney Injury',0,0,0,'Genito-Utrine Diseases',0,0,'gm'),
 (81,'Acute Glomerulonephritis',1,0,0,'Genito-Utrine Diseases',0,0,'gm'),
 (82,'Nephrotic Syndrome',1,0,0,'Genito-Utrine Diseases',0,0,'gm'),
 (83,'Infectious Diseases',1,0,0,'Infectious Diseases',0,0,'gm'),
 (84,'Bacterial meningitis',1,0,0,'Bacterial Diseases',0,0,'gm'),
 (85,'Malaria Plasmodium falcipram',0,0,0,'Parasitic Diseases',0,0,'gm'),
 (86,'Malaria Vivax',0,0,0,'Parasitic Diseases',0,0,'gm'),
 (87,'Lymphatic Filariasis',0,0,0,'Parasitic Diseases',0,0,'gm'),
 (88,'Dengue Haemorrhagic fever (Severe Dengue)',0,0,0,'Viral Diseases (Dengue Fever, Rabies, Measles, Poliomyelitis)',0,0,'gm'),
 (89,'Poliomyelitis',0,0,0,'Viral Diseases (Dengue Fever, Rabies, Measles, Poliomyelitis)',0,0,'gm'),
 (90,'Mumps',1,0,0,'Viral Diseases (Dengue Fever, Rabies, Measles, Poliomyelitis)',0,0,'gm'),
 (91,'Parotitis',1,0,0,'Parotitis',0,0,'gm'),
 (92,'Common HIV-related Illnesses and opportunistic infections',0,0,0,'HIV and AIDS',0,0,'gm'),
 (93,'Prophylaxis(Prevention) of Opportunistic Infections',0,0,0,'HIV and AIDS',0,0,'gm'),
 (94,'PMTAT and HIV in Pregnancy',0,0,0,'HIV and AIDS',0,0,'gm'),
 (95,'Myoma Uterus',1,0,0,'Gynaecology',0,0,'gm'),
 (96,'Ovarian Tumor',1,0,0,'Gynaecology',0,0,'gm'),
 (97,'Vaginal Discharge Syndrome',0,0,0,'Reproductive Tract Infections',0,0,'gm'),
 (98,'Pelvic Inflammatory Disease (PID)',1,0,0,'Reproductive Tract Infections',0,0,'gm'),
 (99,'Diabetes Ketoacidosis',0,0,0,'Endocrine Diseases',0,0,'gm'),
 (100,'Hyperosmolar Hyperglycemic State',0,0,0,'Endocrine Diseases',0,0,'gm'),
 (101,'Thyroid Disease (Hypothyroid, Hyperthyroid, Goitre)',1,0,0,'Endocrine Diseases',0,0,'gm'),
 (102,'Thalassaemia',1,0,0,'Endocrine Diseases',0,0,'gm'),
 (103,'G6PD Deficiency',1,0,0,'Endocrine Diseases',0,0,'gm'),
 (104,'Transfusion',0,0,0,'Endocrine Diseases',0,0,'gm'),
 (105,'Epilepsy',1,0,0,'Epilepsy',0,0,'gm'),
 (106,'Headache',0,0,0,'Neurological Disorders',0,0,'gm'),
 (107,'Migraine',0,0,0,'Neurological Disorders',0,0,'gm'),
 (108,'Vertigo and Dizziness',0,0,0,'Neurological Disorders',0,0,'gm'),
 (109,'Stroke',1,0,0,'Neurological Disorders',0,0,'gm'),
 (110,'Transient Ischaemic Attack(TIA)',0,0,0,'Neurological Disorders',0,0,'gm'),
 (111,'Artritis',0,0,0,'Neurological Disorders',0,0,'gm'),
 (112,'Gout',0,0,0,'Neurological Disorders',0,0,'gm'),
 (113,'Pain',0,0,0,'Neurological Disorders',0,0,'gm'),
 (114,'Poor Vision',0,0,0,'Eye Problem',0,0,'gm'),
 (115,'Infection',0,0,0,'Eye Problem',0,0,'gm'),
 (116,'Eye Injuries',0,0,0,'Eye Problem',0,0,'gm'),
 (117,'Cornel Ulcers',0,0,0,'Eye Problem',0,0,'gm'),
 (118,'Xerophythalmia',0,0,0,'Eye Problem',0,0,'gm'),
 (235,'Acute Pancreatitis',1,0,0,null,0,0,'gm'),
 (119,'Other eye disease',0,0,0,'Eye Problem',0,0,'gm'),
 (120,'Conjunctivitis',0,0,0,'Eye Problem',0,0,'gm'),
 (121,'Diseases of gums and teeth',0,0,0,'Dental Problem',0,1,'gm'),
 (122,'Stomatitis',0,0,0,'Dental Problem',0,0,'gm'),
 (123,'Trauma',0,0,0,'Dental Problem',0,0,'gm'),
 (124,'Otitis',0,0,0,'Ear disease',0,0,'gm'),
 (125,'Electrolyte abnormality',0,0,0,'Electrolyte Abnormality',0,0,'gm'),
 (126,'Over Nutrition',0,0,0,'Malnutrition',0,0,'gm'),
 (127,'Vitamin(A) Deficiencie',1,0,0,'Malnutrition',0,0,'gm'),
 (128,'Oncology',0,0,0,'Oncology And Palliative Care',0,0,'gm'),
 (129,'Palliative Care',0,0,0,'Oncology And Palliative Care',0,0,'gm'),
 (130,'Mental Health (Mood Disorders, Anxiety Disorders, Post Traumatic Stress Disorder, Psychosis,Insomnia)',0,0,0,'Mental Health and Substance Abuse',0,0,'gm'),
 (131,'Substance abuse (Alcohol Drug Intoxication)',1,0,0,'Mental Health and Substance Abuse',0,0,'gm'),
 (132,'Ectopic Pregnancy',0,0,0,'Obstetric problems in pregnancy',0,0,'gm'),
 (133,'Prelabour Rupture of the membranes (PROM)',1,0,0,'Obstetric problems in pregnancy',0,0,'gm'),
 (134,'Post Term Pregnancy',1,0,0,'Obstetric problems in pregnancy',0,0,'gm'),
 (135,'Postpartum Haemorrhage',0,0,0,'Postpartum Problems',0,0,'gm'),
 (136,'Postpartum Infection',1,0,0,'Postpartum Problems',0,0,'gm'),
 (137,'Family Planning',0,0,0,'Family Planning and Gender Based Violence',0,0,'gm'),
 (138,'GBV case Management',0,0,0,'Family Planning and Gender Based Violence',0,0,'gm'),
 (139,'Bacterial Skin Infections (Impetigo, Abscess, Cellulitis, Erysipelas)',1,0,0,'Skin Disease',0,0,'gm'),
 (140,'Fungal Skin Infections (Candida, Ringworm)',1,0,0,'Skin Disease',0,0,'gm'),
 (141,'Viral Skin Infections (Herpes Simplex, Chickenpox, Herpes Zoster)',1,0,0,'Skin Disease',0,0,'gm'),
 (142,'Parasitic Skin Infections (Scabies, Hookworm Infection, Strongyloides Infection)',1,0,0,'Skin Disease',0,0,'gm'),
 (143,'Non-Infective Skin Rash (Allergic Rash, Eczema, Psoriasis)',1,0,0,'Skin Disease',0,0,'gm'),
 (144,'Leprosy',1,0,0,'Skin Disease',0,0,'gm'),
 (145,'Burns',1,0,0,'Skin Disease',0,0,'gm'),
 (146,'ntestinal Worms',0,0,0,'Worm infestation',0,0,'gm'),
 (147,'Snake Bite',0,0,0,'Animals Bite',0,0,'gm'),
 (148,'Dog Bite',0,0,0,'Animals Bite',0,0,'gm'),
 (149,'Animals Bite',1,0,0,'Animals Bite',0,0,'gm'),
 (150,'Other Injury(Trauma)',0,0,0,'Trauma',0,0,'gm'),
 (151,'Ear diseases',1,0,0,'null',0,1,'gm'),
 (152,'Heart Diseases',1,0,0,'null',0,1,'gm'),
 (153,'Malaria',0,0,0,'null',0,1,'gm'),
 (154,'Other GI diseases',0,0,0,'null',0,1,'gm'),
 (155,'Other respiratory diseases',0,0,0,'null',0,1,'gm'),
 (156,'Skin diseases',0,0,0,'null',0,1,'gm'),
 (157,'Genereal Weakness',0,0,0,'null',0,1,'gm'),
 (158,'Ache and Pain',0,0,0,'null',0,1,'gm'),
 (159,'Pneumonia',0,0,0,'null',0,1,'gm'),
 (160,'Referral for Hospitalization',0,0,0,'null',0,1,'gm'),
 (161,'Nutrition Support',0,0,0,'null',0,1,'gm'),
 (162,'Seasonal Flu',1,0,0,'null',0,1,'gm'),
 (163,'Injuries',0,0,0,'null',0,1,'gm'),
 (164,'Dental Caries',0,0,0,'null',0,1,'gm'),
 (165,'COVID19',1,0,0,'null',0,1,'gm'),
 (166,'Very-Severe-Disease',1,0,0,'null',0,0,'imci'),
 (167,'Severe-Conjunctivitis',1,0,0,'null',0,0,'imci'),
 (168,'Local-Bacterial-Infection',1,0,0,'null',0,0,'imci'),
 (169,'Severe-Disease-or-Local-Infection-Unlikely',1,0,0,'null',0,0,'imci'),
 (170,'Severe-Jundice',1,0,0,'null',0,0,'imci'),
 (171,'Jundice',1,0,0,'null',0,0,'imci'),
 (172,'No-Jundice',1,0,0,'null',0,0,'imci'),
 (173,'Severe-Dehydration',1,0,0,'null',0,0,'imci'),
 (174,'Some-Dehydration',1,0,0,'null',0,0,'imci'),
 (175,'No-Visible-Dehydration',1,0,0,'null',0,0,'imci'),
 (176,'Severe-Persistant-Diarrhoea',1,0,0,'null',0,0,'imci'),
 (177,'Serious-Abdominal-Problem',1,0,0,'null',0,0,'imci'),
 (178,'Feeding-Problem',1,0,0,'null',0,0,'imci'),
 (179,'No-Feeding-Problem',1,0,0,'null',0,0,'imci'),
 (180,'Well-Growth',1,0,0,'null',0,0,'imci'),
 (181,'Poor-Growth',1,0,0,'null',0,0,'imci'),
 (182,'Major-Abnormilites-or-Serious-Illness',1,0,0,'null',0,0,'imci'),
 (183,'Birth-Abnormilites',1,0,0,'null',0,0,'imci'),
 (184,'No-Birth-Abnormilites',1,0,0,'null',0,0,'imci'),
 (185,'Possible-Congenital-Syphilis',1,0,0,'null',0,0,'imci'),
 (186,'Unlike-Congenital-Syphillis',1,0,0,'null',0,0,'imci'),
 (187,'Club-Foot',1,0,0,'null',0,0,'imci'),
 (188,'Birth-Injuries',1,0,0,'null',0,0,'imci'),
 (189,'Major-Birth-Injuries',1,0,0,'null',0,0,'imci'),
 (190,'Severe-Low-Birth-Weight',1,0,0,'null',0,0,'imci'),
 (191,'Low-Birth-Weight',1,0,0,'null',0,0,'imci'),
 (192,'Severe-Preterm',1,0,0,'null',0,0,'imci'),
 (193,'Preterm',1,0,0,'null',0,0,'imci'),
 (194,'Possible-Bacterial-Infection',1,0,0,'null',0,0,'imci'),
 (195,'Low-Risk',1,0,0,'null',0,0,'imci'),
 (196,'Access-Other-Problem-(Yes)',1,0,0,'null',0,0,'imci'),
 (197,'Access-Other-Problem-(No)',1,0,0,'null',0,0,'imci'),
 (198,'Severe-Pneumonia-Or-Very-Severe-Disease',1,0,0,'null',0,0,'imci'),
 (199,'Pneumonia',1,0,0,'null',0,0,'imci'),
 (200,'Cough-Or-Cold',1,0,0,'null',0,0,'imci'),
 (201,'Recurrent-Wheezing',1,0,0,'null',0,0,'imci'),
 (202,'Wheezing-(First-Episode)',1,0,0,'null',0,0,'imci'),
 (203,'Refer-for-TB-Assessment',1,0,0,'null',0,0,'imci'),
 (204,'Persistant-Diarrhoea',1,0,0,'null',0,0,'imci'),
 (205,'Severe-Dysentry-or-Surgical-Problem',1,0,0,'null',0,0,'imci'),
 (206,'Dysentery',1,0,0,'null',0,0,'imci'),
 (207,'Severe-Malaria-febrile-disease-suspected-menigitis',1,0,0,'null',0,0,'imci'),
 (208,'Umcomplicated-Malaria',1,0,0,'null',0,0,'imci'),
 (209,'Fever-Other-Causes',1,0,0,'null',0,0,'imci'),
 (210,'Severe-Complicated-Measles',1,0,0,'null',0,0,'imci'),
 (212,'Measles-with-Eye-or-Mouth-Complication',1,0,0,'null',0,0,'imci'),
 (212,'Measles',1,0,0,'null',0,0,'imci'),
 (213,'Severe-Dengue-or-Very-Severe-Disease',1,0,0,'null',0,0,'imci'),
 (214,'Dengue-with-warning -Signs',1,0,0,'null',0,0,'imci'),
 (215,'Probable-Dengue',1,0,0,'null',0,0,'imci'),
 (216,'Unlikely-with-DHF',1,0,0,'null',0,0,'imci'),
 (217,'Mastocidis',1,0,0,'null',0,0,'imci'),
 (218,'Acute-Ear-Infection',1,0,0,'null',0,0,'imci'),
 (219,'Chronic-Ear-Infection',1,0,0,'null',0,0,'imci'),
 (220,'No-Infection',1,0,0,'null',0,0,'imci'),
 (221,'Possible-Streptococcal-Infection',1,0,0,'null',0,0,'imci'),
 (222,'Sorethroat',1,0,0,'null',0,0,'imci'),
 (223,'Complicated-SAM',1,0,0,'null',0,0,'imci'),
 (224,'Uncomplicated-SAM',1,0,0,'null',0,0,'imci'),
 (225,'Moderate-Acute-Malnutrition',1,0,0,'null',0,0,'imci'),
 (226,'No-Acute-Malnutrition',1,0,0,'null',0,0,'imci'),
 (227,'Severe-Anaemia',1,0,0,'null',0,0,'imci'),
 (228,'Anaemia',1,0,0,'null',0,0,'imci'),
 (229,'No-Anaemia',1,0,0,'null',0,0,'imci'),
 (230,'Suspected-Symptomatic-HIV-Infection',1,0,0,'null',0,0,'imci'),
 (231,'High-Risk-Of-TB',1,0,0,'null',0,0,'imci'),
 (232,'Unlikely-TB-Exposed',1,0,0,'null',0,0,'imci'),
 (233,'Assess-Other-Status',1,0,0,'null',0,0,'imci'),
 (234,'Malaria(Pmix)+',1,0,0,'null',0,0,'gm');

INSERT INTO `tbl_district` (`ID`, `KNU_District_Code`, `KNU_District_Name_EN`) VALUES
(1, 'K1', 'Doo Tha Htu'),
(2, 'K2', 'Taw Oo'),
(3, 'K3', 'Kler Lwee Htu'),
(4, 'K4', 'Bleet Dawei'),
(5, 'K5', 'Mu Traw'),
(6, 'K6', 'Doo Pla Ya'),
(7, 'K7', 'Hpa-an');

INSERT INTO tbl_division (DIV_ID, DIV_NAME, DIV_NAMEMM) Values
('DIV-01', 'Ayeyarwady', 'ဧရာဝတီ'),
('DIV-02', 'Kachin', 'ကချင်'),
('DIV-03', 'KAYA', 'ကယား'),
('DIV-04', 'Karen', 'ကရင်'),
('DIV-05', 'Tanintharyi', 'တနသၤာရီ'),
('DIV-06', 'MANDALALY', 'မန္တလေး'),
('DIV-07', 'Sagaing', 'စစ်ကိုင်း'),
('DIV-08', 'Mon', 'မွန်'),
('DIV-09', 'NayPyiDaw', 'နေပြည်တော်'),
('DIV-10', 'Shan', 'ရှမ်း'),
('DIV-11', 'YANGON', 'ရန်ကုန်'),
('DIV-12', 'Chin', 'ချင်း'),
('DIV-13', 'Bago', 'ပဲခူး'),
('DIV-14', 'RAKHINE', 'ရခိုင်'),
('DIV-15', 'MAGWAY', 'မကွေး'),
('DIV-16', 'Other', 'Other'),
('DIV-17', 'Thailand', 'Thailand');

INSERT INTO tbl_ehotownship (ID, KNU_District_Code, KNU_District_Name_EN, Township_ID, Township_Name) VALUES
(1, 'K1', 'Doo Tha Htu', 'Tsp-01', 'Bilin'),
(2, 'K1', 'Doo Tha Htu', 'Tsp-02', 'Thahtu'),
(3, 'K1', 'Doo Tha Htu', 'Tsp-03', 'Kyaikto'),
(4, 'K1', 'Doo Tha Htu', 'Tsp-04', 'Hpa-an'),
(5, 'K2', 'Taw Oo', 'Tsp-05', 'Daw Hpa Hkoh'),
(6, 'K2', 'Taw Oo', 'Tsp-06', 'Htaw Ta Htu'),
(7, 'K3', 'Kler Lwee Htu', 'Tsp-07', 'Saw Hteet'),
(8, 'K3', 'Kler Lwee Htu', 'Tsp-08', 'Ler Doh'),
(9, 'K3', 'Kler Lwee Htu', 'Tsp-09', 'Moo'),
(10, 'K4', 'Bleet Dawei', 'Tsp-10', 'Htee Mo Pwa'),
(11, 'K4', 'Bleet Dawei', 'Tsp-11', 'Tanawthari'),
(12, 'K4', 'Bleet Dawei', 'Tsp-12', 'Ler Doh Soe'),
(13, 'K4', 'Bleet Dawei', 'Tsp-13', 'Ler Mu Lah'),
(14, 'K4', 'Bleet Dawei', 'Tsp-14', 'Lay Nya Bokpyin'),
(15, 'K4', 'Bleet Dawei', 'Tsp-25', 'Kaser Doh'),
(16, 'K5', 'Mu Traw', 'Tsp-15', 'Bu Tho'),
(17, 'K5', 'Mu Traw', 'Tsp-16', 'Lu Thaw'),
(18, 'K5', 'Mu Traw', 'Tsp-17', 'Dwe Loe'),
(19, 'K6', 'Doo Pla Ya', 'Tsp-18', 'Noh Ta Kaw'),
(20, 'K6', 'Doo Pla Ya', 'Tsp-19', 'Kaw Taree'),
(21, 'K6', 'Doo Pla Ya', 'Tsp-20', 'Waw Ray'),
(22, 'K6', 'Doo Pla Ya', 'Tsp-21', 'Kru Tu'),
(23, 'K7', 'Hpa-an', 'Tsp-22', 'Lu Pleh'),
(24, 'K7', 'Hpa-an', 'Tsp-23', 'Ta Nay Hsah'),
(25, 'K7', 'Hpa-an', 'Tsp-24', 'Ta Kreh');



INSERT INTO TBL_DONOR (DONOR_ID, DONOR_NAME, DONOR_SHORTNAME, GRANT_NAME, START_DATE, END_DATE) VALUES
('D-029', 'HEI', 'HEI', NULL, NULL, NULL),
('D-990', 'Secondary Level', 'HPTL', NULL,NULL,NULL),
('D-001', 'SDC', 'SDC', NULL, NULL, NULL),
('D-008', 'ACCESS2H', 'ACCESS2H', NULL, NULL, NULL),
('D-009', 'SSDF', 'SSDF', NULL, NULL, NULL),
('D-025', 'ACE', 'ACE', NULL, NULL, NULL),
('D-998', 'OtherDonor', 'ODN', NULL, NULL, NULL);

INSERT INTO TBL_ORG (ORG_ID, ORG_NAME, ORG_SHORTNAME, ID) VALUES('CPI-05', 'Karen Department of Health and Welfare', 'KDHW', 63),
('CPI-07', 'Back Pack Health Worker Team', 'BPHWT', 65),
('CPI-102', 'Swiss Embassy', 'Swiss Embassy', 70),
('CPI-16', 'TawNor', 'TNTH', 82);


INSERT INTO TBL_TOWNSHIP (TSP_ID, TSP_NAME, TSP_SHORTNAME, DIV_ID, TSP_LAT, TSP_LONG) VALUES
('SHN-TSP-028', 'Mongton', 'MGT', 'DIV-10', NULL, NULL),
('SHN-TSP-029', 'Tachileik', 'TCL', 'DIV-10', NULL, NULL),
('THL-TSP-003', 'Chiangmai', 'CNK', 'DIV-17', NULL, NULL),
('THL-TSP-004', 'Maehongsong', 'MHS', 'DIV-17', NULL, NULL),
('THL-TSP-005', 'Bangkok', 'BKK', 'DIV-17', NULL, NULL),
('OTH-TSP-002', 'In-person', 'IPSON', 'DIV-16', NULL, NULL),
('OTH-TSP-003', 'Virtual', 'VTRL', 'DIV-16', NULL, NULL),
('OTH-TSP-004', 'In-Person+Virtual', 'In-Person+Virtual', 'DIV-16', NULL, NULL),
('YGN-TSP-001', 'Insein', 'INS', 'DIV-11', NULL, NULL),
('YGN-TSP-002', 'Mingaladon', 'MIN', 'DIV-11', NULL, NULL),
('YGN-TSP-003', 'Hmawbi', 'HMA', 'DIV-11', NULL, NULL),
('YGN-TSP-004', 'Hlegu', 'HLE', 'DIV-11', NULL, NULL),
('YGN-TSP-005', 'Taikkyi', 'TAI', 'DIV-11', NULL, NULL),
('YGN-TSP-006', 'Htantabin', 'HTA', 'DIV-11', NULL, NULL),
('YGN-TSP-007', 'Shwepyithar', 'SHW', 'DIV-11', NULL, NULL),
('YGN-TSP-008', 'Hlaingtharya', 'HLA', 'DIV-11', NULL, NULL),
('YGN-TSP-009', 'Thingangyun', 'THI', 'DIV-11', NULL, NULL),
('YGN-TSP-010', 'Yankin', 'YAN', 'DIV-11', NULL, NULL),
('YGN-TSP-011', 'South Okkalapa', 'SOU', 'DIV-11', NULL, NULL),
('YGN-TSP-012', 'North Okkalapa', 'NOR', 'DIV-11', NULL, NULL),
('YGN-TSP-013', 'Thaketa', 'THA', 'DIV-11', NULL, NULL),
('YGN-TSP-014', 'Dawbon', 'DAW', 'DIV-11', NULL, NULL),
('YGN-TSP-015', 'Tamwe', 'TAM', 'DIV-11', NULL, NULL),
('YGN-TSP-016', 'Pazundaung', 'PAZ', 'DIV-11', NULL, NULL),
('YGN-TSP-017', 'Botahtaung', 'BOT', 'DIV-11', NULL, NULL),
('YGN-TSP-018', 'Dagon Myothit (South)', 'DAG', 'DIV-11', NULL, NULL),
('YGN-TSP-019', 'Dagon Myothit (North)', 'DAG', 'DIV-11', NULL, NULL),
('YGN-TSP-020', 'Dagon Myothit (East)', 'DAG', 'DIV-11', NULL, NULL),
('YGN-TSP-021', 'Dagon Myothit (Seikkan)', 'DAG', 'DIV-11', NULL, NULL),
('YGN-TSP-022', 'Mingalartaungnyunt', 'MIN', 'DIV-11', NULL, NULL),
('YGN-TSP-023', 'Thanlyin', 'THA', 'DIV-11', NULL, NULL),
('YGN-TSP-024', 'Kyauktan', 'KYA', 'DIV-11', NULL, NULL),
('YGN-TSP-025', 'Thongwa', 'THO', 'DIV-11', NULL, NULL),
('YGN-TSP-026', 'Kayan', 'KAY', 'DIV-11', NULL, NULL),
('YGN-TSP-027', 'Twantay', 'TWA', 'DIV-11', NULL, NULL),
('YGN-TSP-028', 'Kawhmu', 'KAW', 'DIV-11', NULL, NULL),
('YGN-TSP-029', 'Kungyangon', 'KUN', 'DIV-11', NULL, NULL),
('YGN-TSP-030', 'Dala', 'DAL', 'DIV-11', NULL, NULL),
('YGN-TSP-031', 'Seikgyikanaungto', 'SEI', 'DIV-11', NULL, NULL),
('YGN-TSP-032', 'Cocokyun', 'COC', 'DIV-11', NULL, NULL),
('YGN-TSP-033', 'Kyauktada', 'KYA', 'DIV-11', NULL, NULL),
('YGN-TSP-034', 'Pabedan', 'PAB', 'DIV-11', NULL, NULL),
('YGN-TSP-035', 'Lanmadaw', 'LAN', 'DIV-11', NULL, NULL),
('YGN-TSP-036', 'Latha', 'LAT', 'DIV-11', NULL, NULL),
('YGN-TSP-037', 'Ahlone', 'AHL', 'DIV-11', NULL, NULL),
('YGN-TSP-038', 'Kyeemyindaing', 'KYE', 'DIV-11', NULL, NULL),
('YGN-TSP-039', 'Sanchaung', 'SAN', 'DIV-11', NULL, NULL),
('YGN-TSP-040', 'Hlaing', 'HLA', 'DIV-11', NULL, NULL),
('YGN-TSP-041', 'Kamaryut', 'KAM', 'DIV-11', NULL, NULL),
('YGN-TSP-042', 'Mayangone', 'MAY', 'DIV-11', NULL, NULL),
('YGN-TSP-043', 'Dagon', 'DAG', 'DIV-11', NULL, NULL),
('YGN-TSP-044', 'Bahan', 'BAH', 'DIV-11', NULL, NULL),
('YGN-TSP-045', 'Seikkan', 'SEI', 'DIV-11', NULL, NULL),
('YGN-TSP-046', 'Hlaingtharya (East)', 'HLA', 'DIV-11', NULL, NULL),
('YGN-TSP-047', 'Hlaingtharya (West)', 'HLA', 'DIV-11', NULL, NULL),
('YGN-TSP-050', 'Yangon', 'YGN', 'DIV-11', NULL, NULL),
('BGO-TSP-010', 'Yedashe', 'Yedashe', 'DIV-13', NULL, NULL),
('BGO-TSP-013', 'Oktwin', 'Oktwin', 'DIV-13', NULL, NULL),
('TNT-TSP-010', 'Boakpyin', 'BP', 'DIV-05', NULL, NULL),
('SHN-TSP-026', 'Hopong', 'HP', 'DIV-10', NULL, NULL),
('KRN-TSP-024', 'Ler Doh Soe', 'LDS', 'DIV-04', NULL, NULL),
('KRN-TSP-025', 'Ler Doh', 'LDH', 'DIV-04', NULL, NULL),
('AYA-TSP-001', 'Mawlamyinegyun', 'MLMG', 'DIV-01', NULL, NULL),
('AYA-TSP-002', 'Pathein', 'PTN', 'DIV-01', NULL, NULL),
('AYA-TSP-008', 'Hinthada', 'HTD', 'DIV-01', NULL, NULL),
('BGO-TSP-001', 'Shwegyin', 'SGN', 'DIV-13', NULL, NULL),
('BGO-TSP-002', 'Htantabin', 'HTTP', 'DIV-13', NULL, NULL),
('BGO-TSP-003', 'Kyaukkyi', 'KKyi', 'DIV-13', NULL, NULL),
('BGO-TSP-009', 'Taungoo', 'TGO', 'DIV-13', NULL, NULL),
('KCH-TSP-001', 'Sumprabum', 'SPRB', 'DIV-02', NULL, NULL),
('KCH-TSP-002', 'Injangyang', 'INJY', 'DIV-02', NULL, NULL),
('KCH-TSP-003', 'Hpa Khant', 'HpK', 'DIV-02', NULL, NULL),
('KCH-TSP-004', 'Tanai', 'TaNai', 'DIV-02', NULL, NULL),
('KCH-TSP-005', 'Waingmaw', 'WM', 'DIV-02', NULL, NULL),
('KCH-TSP-006', 'Shing Bwi Yang', 'SBY', 'DIV-02', NULL, NULL),
('KCH-TSP-007', 'Myitkyina', 'MKN', 'DIV-02', NULL, NULL),
('KCH-TSP-008', 'Bhamo', 'Bhamo', 'DIV-02', NULL, NULL),
('KCH-TSP-009', 'Mohnyin', 'MhYn', 'DIV-02', NULL, NULL),
('KCH-TSP-011', 'Shwegu', 'ShGu', 'DIV-02', NULL, NULL),
('KCH-TSP-012', 'Momauk', 'MMK', 'DIV-02', NULL, NULL),
('KCH-TSP-013', 'Puta-O', 'PTO', 'DIV-02', NULL, NULL),
('KCH-TSP-014', 'Mansi', 'MSi', 'DIV-02', NULL, NULL),
('KCH-TSP-016', 'Machanbaw', 'MCBaw', 'DIV-02', NULL, NULL),
('KCH-TSP-017', 'Nawngmun', 'KMON', 'DIV-02', NULL, NULL),
('KCH-TSP-018', 'Khaunglanhpu', 'KLPhyo', 'DIV-02', NULL, NULL),
('KRN-TSP-001', 'Hlaingbwe', 'HlgB', 'DIV-04', NULL, NULL),
('KRN-TSP-002', 'Kawkareik', 'KKR', 'DIV-04', NULL, NULL),
('KRN-TSP-003', 'Kyainseikgyi', 'KISG', 'DIV-04', NULL, NULL),
('KRN-TSP-004', 'Myawaddy', 'MWD', 'DIV-04', NULL, NULL),
('KRN-TSP-005', 'Thandaunggyi', 'TDG', 'DIV-04', NULL, NULL),
('KRN-TSP-006', 'Hpa-an', 'Hpa-an', 'DIV-04', NULL, NULL),
('KRN-TSP-007', 'Hpapun', 'HPU', 'DIV-04', NULL, NULL),
('KRN-TSP-008', 'Noh Takaw', 'Noh Takaw', 'DIV-04', NULL, NULL),
('KRN-TSP-009', 'Tanay Hsah', 'Tanay Hsah', 'DIV-04', NULL, NULL),
('KRN-TSP-010', 'Kaw Taree', 'Kaw Taree', 'DIV-04', NULL, NULL),
('KRN-TSP-011', 'Lu Pleh', 'Lu Pleh', 'DIV-04', NULL, NULL),
('KRN-TSP-012', 'Kruh Tu', 'Kruh Tu', 'DIV-04', NULL, NULL),
('KRN-TSP-013', 'Waw Ray', 'Waw Ray', 'DIV-04', NULL, NULL),
('KRN-TSP-014', 'Ta Kreh', 'Ta Kreh', 'DIV-04', NULL, NULL),
('KRN-TSP-015', 'Saw Hteet', 'Saw Hteet', 'DIV-04', NULL, NULL),
('KRN-TSP-016', 'Lu Thaw', 'Lu Thaw', 'DIV-04', NULL, NULL),
('KRN-TSP-017', 'Bu Tho', 'Bu Tho', 'DIV-04', NULL, NULL),
('KRN-TSP-018', 'Dweh Loe', 'Dweh Loe', 'DIV-04', NULL, NULL),
('KRN-TSP-019', 'Htaw Ta Htoo', 'Htaw Ta Htoo', 'DIV-04', NULL, NULL),
('KRN-TSP-020', 'Daw Hpa Hkoh', 'Daw Hpa Hkoh', 'DIV-04', NULL, NULL),
('KRN-TSP-021', 'Tha Htoo', 'Tha Htoo', 'DIV-04', NULL, NULL),
('KRN-TSP-022', 'Kyeh Htoh', 'Kyeh Htoh', 'DIV-04', NULL, NULL),
('KRN-TSP-023', 'Three Pagoda Pass', 'TPP', 'DIV-04', NULL, NULL),
('KYA-TSP-001', 'Bawlake', 'BLK', 'DIV-03', NULL, NULL),
('KYA-TSP-002', 'Demoso', 'DMS', 'DIV-03', NULL, NULL),
('KYA-TSP-003', 'Hpasawng', 'HPS', 'DIV-03', NULL, NULL),
('KYA-TSP-004', 'Hpruso', 'HRS', 'DIV-03', NULL, NULL),
('KYA-TSP-005', 'Shadaw', 'ShD', 'DIV-03', NULL, NULL),
('KYA-TSP-006', 'Loikaw', 'LK', 'DIV-03', NULL, NULL),
('KYA-TSP-007', 'Mese', 'MS', 'DIV-03', NULL, NULL),
('MDY-TSP-001', 'Pyinoolwin', 'POL', 'DIV-06', NULL, NULL),
('MON-TSP-001', 'Ye', 'Ye', 'DIV-08', NULL, NULL),
('MON-TSP-002', 'Mudon', 'MDO', 'DIV-08', NULL, NULL),
('MON-TSP-003', 'Bilin', 'BLN', 'DIV-08', NULL, NULL),
('MON-TSP-004', 'Kyaikto', 'KTO', 'DIV-08', NULL, NULL),
('MON-TSP-005', 'Thaton', 'THto', 'DIV-08', NULL, NULL),
('MON-TSP-006', 'Kyaikmaraw', 'KMR', 'DIV-08', NULL, NULL),
('MON-TSP-007', 'MawLamyine', 'MLM', 'DIV-08', NULL, NULL),
('NPT-TSP-001', 'Pyinmana', 'PMN', 'DIV-09', NULL, NULL),
('NPT-TSP-002', 'Zay Yar Thi Ri', 'ZYTR', 'DIV-09', NULL, NULL),
('NPT-TSP-003', 'Lewe', 'LW', 'DIV-09', NULL, NULL),
('NPT-TSP-004', 'Za Bu Thi Ri', 'ZBTR', 'DIV-09', NULL, NULL),
('OTH-TSP-001', 'Other', 'YGN', 'DIV-16', NULL, NULL),
('RKH-TSP-001', 'Sittwe', 'STW', 'DIV-14', NULL, NULL),
('RKH-TSP-002', 'Ponnagyun', 'PNG', 'DIV-14', NULL, NULL),
('RKH-TSP-003', 'Mrauk-U', 'MU', 'DIV-14', NULL, NULL),
('RKH-TSP-004', 'Kyauktaw', 'KTW', 'DIV-14', NULL, NULL),
('RKH-TSP-005', 'Minbya', 'MBY', 'DIV-14', NULL, NULL),
('RKH-TSP-006', 'Myebon', 'MBN', 'DIV-14', NULL, NULL),
('RKH-TSP-007', 'Pauktaw', 'PT', 'DIV-14', NULL, NULL),
('RKH-TSP-008', 'Rathedaung', 'RTD', 'DIV-14', NULL, NULL),
('RKH-TSP-009', 'Maungdaw', 'MDW', 'DIV-14', NULL, NULL),
('RKH-TSP-010', 'Buthidaung', 'BTD', 'DIV-14', NULL, NULL),
('RKH-TSP-011', 'Kyaukpyu', 'KPU', 'DIV-14', NULL, NULL),
('RKH-TSP-012', 'Munaung', 'MAG', 'DIV-14', NULL, NULL),
('RKH-TSP-013', 'Ramree', 'RB', 'DIV-14', NULL, NULL),
('RKH-TSP-014', 'Ann', 'AN', 'DIV-14', NULL, NULL),
('RKH-TSP-015', 'Thandwe', 'TDW', 'DIV-14', NULL, NULL),
('RKH-TSP-016', 'Toungup', 'TGP', 'DIV-14', NULL, NULL),
('RKH-TSP-017', 'Gwa', 'GWA', 'DIV-14', NULL, NULL),
('SGN-TSP-001', 'Hkamti', 'HMT', 'DIV-07', NULL, NULL),
('SGN-TSP-002', 'Nanyun', 'NY', 'DIV-07', NULL, NULL),
('SHN-TSP-001', 'Pinlaung', 'PL', 'DIV-10', NULL, NULL),
('SHN-TSP-002', 'Pekon', 'PK', 'DIV-10', NULL, NULL),
('SHN-TSP-003', 'Hsihseng', 'SS', 'DIV-10', NULL, NULL),
('SHN-TSP-004', 'Laihka', 'LK', 'DIV-10', NULL, NULL),
('SHN-TSP-005', 'MawKmai', 'MKm', 'DIV-10', NULL, NULL),
('SHN-TSP-006', 'Kunhing', 'KH', 'DIV-10', NULL, NULL),
('SHN-TSP-007', 'Kyethi', 'KT', 'DIV-10', NULL, NULL),
('SHN-TSP-008', 'Mong Kaing', 'MK', 'DIV-10', NULL, NULL),
('SHN-TSP-009', 'Mong Hsu', 'MHsu', 'DIV-10', NULL, NULL),
('SHN-TSP-010', 'Mong Ping', 'MPing', 'DIV-10', NULL, NULL),
('SHN-TSP-011', 'Loi Lem', 'LLem', 'DIV-10', NULL, NULL),
('SHN-TSP-012', 'Hsipaw', 'HPaw', 'DIV-10', NULL, NULL),
('SHN-TSP-013', 'Mong Nai', 'MNai', 'DIV-10', NULL, NULL),
('SHN-TSP-014', 'Nansang', 'NSang', 'DIV-10', NULL, NULL),
('SHN-TSP-015', 'Manton', 'MTN', 'DIV-10', NULL, NULL),
('SHN-TSP-016', 'Namhkan', 'NKN', 'DIV-10', NULL, NULL),
('SHN-TSP-017', 'Tangyan', 'TGN', 'DIV-10', NULL, NULL),
('SHN-TSP-018', 'Lashio', 'LSO', 'DIV-10', NULL, NULL),
('SHN-TSP-019', 'Kut Kai', 'KKI', 'DIV-10', NULL, NULL),
('SHN-TSP-020', 'Taung Gyi', 'TGN', 'DIV-10', NULL, NULL),
('SHN-TSP-021', 'Kaing Tong', 'KTong', 'DIV-10', NULL, NULL),
('SHN-TSP-022', 'Kyaut Mae', 'KMae', 'DIV-10', NULL, NULL),
('SHN-TSP-023', 'Mong Pan', 'MPan', 'DIV-10', NULL, NULL),
('SHN-TSP-024', 'Main San', 'MSan', 'DIV-10', NULL, NULL),
('SHN-TSP-025', 'Namtu', 'NMT', 'DIV-10', NULL, NULL),
('THL-TSP-001', 'Thailand', 'THAI', 'DIV-17', NULL, NULL),
('THL-TSP-002', 'Mae Sot', 'MS', 'DIV-17', NULL, NULL),
('TNT-TSP-001', 'Dawei', 'DW', 'DIV-05', NULL, NULL),
('TNT-TSP-002', 'Myeik', 'Myk', 'DIV-05', NULL, NULL),
('TNT-TSP-003', 'Palaw', 'Plaw', 'DIV-05', NULL, NULL),
('TNT-TSP-004', 'Tanintharyi', 'TNTY', 'DIV-05', NULL, NULL),
('TNT-TSP-005', 'Yebyu', 'YB', 'DIV-05', NULL, NULL),
('TNT-TSP-006', 'Tha Yet Chaung', 'TYC', 'DIV-05', NULL, NULL),
('TNT-TSP-007', 'Htee Moh Pwa', 'Htee Moh Pwa', 'DIV-05', NULL, NULL),
('TNT-TSP-008', 'Kaser Doh', 'Kaser Doh', 'DIV-05', NULL, NULL),
('TNT-TSP-009', 'Ta Naw Tharee', 'Ta Naw Tharee', 'DIV-05', NULL, NULL),
('SHN-TSP-027', 'Langkho', 'LK', 'DIV-10', NULL, NULL),
('TNT-TSP-011', 'Dawei_LerDohSoe', 'DLDSO', 'DIV-05', NULL, NULL),
('TNT-TSP-014', 'Ler Mu Lah', 'LML', 'DIV-05', NULL, NULL),
('TNT-TSP-012', 'Tanintharyi_Ler Mu Lah', 'TLML', 'DIV-05', NULL, NULL),
('TNT-TSP-013', 'Dawei_Kaser Doh', 'DKSD', 'DIV-05', NULL, NULL);


INSERT INTO `tbl_project` (`PROJECT_ID`, `PROJECT_NAME`, `DONOR_ID`, `PROJECT_STARTDATE`, `PROJECT_ENDDATE`, `PROJECT_DESCRIPTION`, `PROJECT_STATUS`) VALUES
('P-001', 'SDC', 'D-001', NULL, NULL, NULL, NULL),
('P-002', '3MDG', 'D-002', NULL, NULL, NULL, NULL),
('P-009', 'SSDF', 'D-009', NULL, NULL, NULL, NULL),
('P-011', 'ACCESS', 'D-008', NULL, NULL, NULL, NULL),
('P-021', 'ACE', 'D-025', NULL, NULL, NULL, NULL),
('P-027', 'SIRI', 'D-008', NULL, NULL, NULL, NULL),
('P-028', 'RISE', 'D-029', NULL, NULL, NULL, NULL),
('P-045', 'HEI SRHR', 'D-004', '2023-01-01', '2025-12-31', 'null', 1),
('P-046', 'HEI EPI', 'D-004', '2023-01-01', '2025-12-31', 'null', 1),
('P-989', 'OtherProject', 'D-998', NULL, NULL, 'other project', 1),
('P-990', 'Secondary Level', 'D-990', NULL, NULL, 'HPT Level', NULL);
