--districts
INSERT INTO `District` (`id`, `name`, `code`) VALUES
(1, 'Doo Tha Htu', 'K1'),
(2, 'Taw Oo', 'K2'),
(3, 'Kler Lwee Htu', 'K3'),
(4, 'Bleet Dawei', 'K4'),
(5, 'Mu Traw', 'K5'),
(6, 'Doo Pla Ya', 'K6'),
(7, 'Hpa-an', 'K7');

--townships
INSERT INTO `Township` (`id`, `name`, `code`, `districtId`, `karenNameEn`) VALUES
(1, 'Bilin', 'Tsp-01', 1, 'Doo Tha Htu'),
(2, 'Thahtu', 'Tsp-02', 1, 'Doo Tha Htu'),
(3, 'Kyaikto', 'Tsp-03', 1, 'Doo Tha Htu'),
(4, 'Hpaan', 'Tsp-04', 1, 'Doo Tha Htu'),
(5, 'Daw Hpa Hkoh', 'Tsp-05', 2, 'Taw Oo'),
(6, 'Htaw Ta Htu', 'Tsp-06', 2, 'Taw Oo'),
(7, 'Saw Hteet', 'Tsp-07', 3, 'Kler Lwee Htu'),
(8, 'Ler Doh', 'Tsp-08', 3, 'Kler Lwee Htu'),
(9, 'Moo', 'Tsp-09', 3, 'Kler Lwee Htu'),
(10, 'Htee Mo Pwah (special area)', 'Tsp-10', 4, 'Bleet Dawei'),
(11, 'Tanawthari', 'Tsp-11', 4, 'Bleet Dawei'),
(12, 'Ler Doh Soe', 'Tsp-12', 4, 'Bleet Dawei'),
(13, 'Ler Mu Lah', 'Tsp-13', 4, 'Bleet Dawei'),
(14, 'Lay Nya Bokpyin', 'Tsp-14', 4, 'Bleet Dawei'),
(15, 'Bu Tho', 'Tsp-15', 5, 'Mu Traw '),
(16, 'Lu Thaw', 'Tsp-16', 5, 'Mu Traw '),
(17, 'Dwe Loe', 'Tsp-17', 5, 'Mu Traw '),
(18, 'Noh Ta Kaw', 'Tsp-18', 6, 'Doo Pla Ya'),
(19, 'Kaw Tari', 'Tsp-19', 6, 'Doo Pla Ya'),
(20, 'Waw Ray', 'Tsp-20', 6, 'Doo Pla Ya'),
(21, 'Kru Tu', 'Tsp-21', 6, 'Doo Pla Ya'),
(22, 'Lu Pleh', 'Tsp-22', 7, 'Hpa-an'),
(23, 'Ta Nay Hsah', 'Tsp-23', 7, 'Hpa-an'),
(24, 'Ta Kreh', 'Tsp-24', 7, 'Hpa-an'),
(25, 'Kaser Doh', 'Tsp-25', 4, 'Bleet Dawei');

INSERT INTO `Vthc` (`id`, `name`, `code`, `townshipCode`, `townshipName`, `townshipNameMIMU`, `townshipId`) VALUES
(1, 'Lay Ta Au Hta/ Lay Taung Ku', 'KDHW-001', 'Tsp-18', 'Noh Ta Kaw', 'Kyainseikgyi', 18),
(2, 'Win Ka', 'KDHW-002', 'Tsp-12', 'Kru Tu', 'Kawkareik', 12),
(3, 'Dawna Seven1', 'KDHW-003', 'Tsp-10', 'Kaw Tari', 'Kyainseikgyi', 10),
(4, 'Dawna Seven2', 'KDHW-004', 'Tsp-10', 'Kaw Tari', 'Kyainseikgyi', 10),
(5, 'Htee Hpa Htaw', 'KDHW-005', 'Tsp-20', 'Waw Ray', 'Kyainseikgyi', 20),
(6, 'Htee Thaw Kheh Hta', 'KDHW-006', 'Tsp-18', 'Noh Ta Kaw', 'Kyainseikgyi', 18),
(7, 'Ka Li Hkee', 'KDHW-009', 'Tsp-18', 'Noh Ta Kaw', 'Kyainseikgyi', 18),
(8, 'Maw', 'KDHW-017', 'Tsp-18', 'Noh Ta Kaw', 'Kyainseikgyi', 18),
(9, 'Meh Ka Tha', 'KDHW-018', 'Tsp-18', 'Noh Ta Kaw', 'Kyainseikgyi', 18),
(10, 'Meh Pra', 'KDHW-019', 'Tsp-18', 'Noh Ta Kaw', 'Kyainseikgyi', 18),
(11, 'Htee Per', 'KDHW-028', 'Tsp-24', 'Ta Kreh', 'Hlaingbwe', 24),
(12, 'Kler Day', 'KDHW-030', 'Tsp-22', 'Lu Pleh', 'Hlaingbwe', 22),
(13, 'Ler Per Her/Klay Poe Kloe', 'KDHW-031', 'Tsp-22', 'Lu Pleh', 'Hlaingbwe', 22),
(14, 'Naw Ter Hkee', 'KDHW-034', 'Tsp-24', 'Ta Kreh', 'Hlaingbwe', 24),
(15, 'Ta Moh Kloh', 'KDHW-035', 'Tsp-24', 'Ta Kreh', 'Hlaingbwe', 24),
(16, 'Baw Way Hta', 'KDHW-041', 'Tsp-10', 'Kaw Tari', 'Myawaddy', 10),
(17, 'Hpaw Bu La Hta', 'KDHW-043', 'Tsp-10', 'Kaw Tari', 'Myawaddy', 10),
(18, 'Maw Poh Kloh', 'KDHW-050', 'Tsp-10', 'Kaw Tari', 'Myawaddy', 10),
(19, 'Meh Ka Neh', 'KDHW-051', 'Tsp-10', 'Kaw Tari', 'Myawaddy', 10),
(20, 'Nya Lee Ah Hta', 'KDHW-052', 'Tsp-23', 'Ta Nay Hsah', 'Myawaddy', 23),
(21, 'Oo Kray Hkee', 'KDHW-053', 'Tsp-10', 'Kaw Tari', 'Myawaddy', 10),
(22, 'Ei Ben', 'KDHW-059', 'Tsp-12', 'Kru Tu', 'Kawkareik', 12),
(23, 'Htee Gu Thaw', 'KDHW-061', 'Tsp-12', 'Kru Tu', 'Kawkareik', 12),
(24, 'Ka Toh Hta', 'KDHW-062', 'Tsp-10', 'Kaw Tari', 'Kawkareik', 10),
(25, 'Kaw Nwet', 'KDHW-063', 'Tsp-10', 'Kaw Tari', 'Kawkareik', 10),
(26, 'Tha Lewl Taw', 'KDHW-064', 'Tsp-12', 'Kru Tu', 'Kawkareik', 12),
(27, 'Ta Dan Kyi', 'KDHW-065', 'Tsp-12', 'Kru Tu', 'Kawkareik', 12),
(28, 'Tha Ya Koh', 'KDHW-066', 'Tsp-23', 'Ta Nay Hsah', 'Kawkareik', 23),
(29, 'Toh Kaw Koh', 'KDHW-067', 'Tsp-23', 'Ta Nay Hsah', 'Kawkareik', 23),
(30, 'Dawna Seven3', 'KDHW-068', 'Tsp-18', 'Noh Ta Kaw', 'Kawkareik', 18),
(31, 'Lay Wah', 'KDHW-070', 'Tsp-22', 'Lu Pleh', 'Hlaingbwe', 22),
(32, 'Day Bu Noh', 'KDHW-071', 'Tsp-16', 'Lu Thaw', 'Hpapun', 16),
(33, 'Naw Yoe Hta', 'KDHW-072', 'Tsp-16', 'Lu Thaw', 'Hpapun', 16),
(34, 'Htee Haw Hta', 'KDHW-074', 'Tsp-16', 'Lu Thaw', 'Hpapun', 16),
(35, 'Keh Pa', 'KDHW-075', 'Tsp-17', 'Dwe Loe', 'Hpapun', 17),
(36, 'Ta Oh Der', 'KDHW-077', 'Tsp-16', 'Lu Thaw', 'Hpapun', 16),
(37, 'Tha Thwe Der', 'KDHW-079', 'Tsp-16', 'Lu Thaw', 'Hpapun', 16),
(38, 'Toe Thay Der', 'KDHW-080', 'Tsp-15', 'Bu Tho', 'Hpapun', 15),
(39, 'Ka Na Der', 'KDHW-081', 'Tsp-15', 'Bu Tho', 'Hpapun', 15),
(40, 'Khaw Pu', 'KDHW-082', 'Tsp-15', 'Bu Tho', 'Hpapun', 15),
(41, 'Ei Tu Ta', 'KDHW-083', 'Tsp-15', 'Bu Tho', 'Hpapun', 15),
(42, 'Kyaw Pa', 'KDHW-084', 'Tsp-15', 'Bu Tho', 'Hpapun', 15),
(43, 'Wah Ka Der', 'KDHW-086', 'Tsp-17', 'Dwe Loe', 'Hpapun', 17),
(44, 'Ma Lay Ler', 'KDHW-087', 'Tsp-17', 'Dwe Loe', 'Hpapun', 17),
(45, 'Kay Pu', 'KDHW-089', 'Tsp-16', 'Lu Thaw', 'Hpapun', 16),
(46, 'Mae Plet Wah Khee', 'KDHW-090', 'Tsp-23', 'Ta Nay Hsah', 'Myawaddy', 23),
(47, 'Lay Kaw Hti', 'KDHW-092', 'Tsp-17', 'Dwe Loe', 'Hpapun', 17),
(48, 'Ohm Na Pin', 'KDHW-099', 'Tsp-12', 'Kru Tu', 'Kyainseikgyi', 12),
(49, 'Lay Phar Taw', 'KDHW-101', 'Tsp-18', 'Noh Ta Kaw', 'Kyainseikgyi', 18),
(50, 'Kwee Law Ploe', 'KDHW-102', 'Tsp-22', 'Lu Pleh', 'Hlaingbwe', 22),
(51, 'Yan Aung/Htoo Lu', 'KDHW-107', 'Tsp-07', 'Saw Hteet', 'Shwegyin', 7),
(52, 'Ker Gaw', 'KDHW-108', 'Tsp-23', 'Ta Nay Hsah', 'Myawaddy', 23),
(53, 'Htee Ka Haw', 'KDHW-111', 'Tsp-22', 'Ta Kreh', 'Hlaingbwe', 22),
(54, 'Ta Mae Kee/Htee Thi Mu Lay', 'KDHW-112', 'Tsp-01', 'Bilin', 'Bilin', 1),
(55, 'Gaw Htee Hkee', 'KDHW-113', 'Tsp-01', 'Bilin', 'Bilin', 1),
(56, 'Yoe Kalar', 'KDHW-114', 'Tsp-01', 'Bilin', 'Hpa-an', 1),
(57, 'Kaw Hie', 'KDHW-115', 'Tsp-04', 'Hpaan', 'Bilin', 4),
(58, 'Lay Ger Kler', 'KDHW-116', 'Tsp-02', 'Thahtu', 'Hpa-an', 2),
(59, 'Hoe Hkee', 'KDHW-117', 'Tsp-06', 'Htaw Ta Htu', 'Thandaunggyi', 6),
-- (60, 'Shoe Koh/Htee Tha Saw', 'KDHW-118', 'Tsp-05', 'Daw Hpa Hkoh', 'Thandaunggyi', 5),
(61, 'Htee Mu Hta', 'KDHW-119', 'Tsp-08', 'Ler Doh', 'Htantabin', 8),
(62, 'Kaw Mu Der', 'KDHW-120', 'Tsp-07', 'Saw Hteet', 'Shwegyin', 7),
(63, 'Nwe Lay Koh', 'KDHW-122', 'Tsp-08', 'Ler Doh', 'Htantabin', 8),
(64, 'Ka Ser Doh', 'KDHW-123', 'Tsp-25', 'Kaser Doh', 'Dawei', 25),
(65, 'Mae Wah', 'KDHW-124', 'Tsp-11', 'Tanawthari', 'Tanintharyi', 11),
(66, 'Ah Mala Hta', 'KDHW-125', 'Tsp-10', 'Htee Mo Pwah (special area)', 'Dawei', 10),
(67, 'Klaid Tode', 'KDHW-126', 'Tsp-20', 'Waw Ray', 'Ye', 20),
(68, 'Toh Lwee Wah', 'KDHW-127', 'Tsp-05', 'Daw Hpa Hkoh', 'Htantabin', 5),
(69, 'Htaw Ta Htu', 'KDHW-128', 'Tsp-06', 'Htaw Ta Htu', 'Thandaunggyi', 6),
(70, 'Kaw Thoolei Long Term Care Hospital', 'KDHW-160', 'Tsp-22', 'Lu Pleh', 'Hlaingbwe', 22),
(71, 'Htee Tha Blut Hta', 'KDHW-161', 'Tsp-22', 'Lu Pleh', 'Hlaingbwe', 22),
(72, 'Nel Soe', 'KDHW-162', 'Tsp-12', 'Ler Doh Soe', 'Tanintharyi', 12),
(73, 'Lay Kay Kaw', 'KDHW-166', 'Tsp-10', 'Kaw Tari', 'Myawaddy', 10),
(74, 'Kwee Ka Saw Si', 'KDHW-167', 'Tsp-20', 'Waw Ray', 'Kyainseikgyi', 20),
(75, 'Naw Yo Hta/Thaw Tu Hkee', 'KDHW-168', 'Tsp-16', 'Lu Thaw', 'Kyainseikgyi', 16),
(76, 'Mae Tha Wal', 'BMA-033', 'Tsp-22', 'Lu Pleh', 'Hlaingbwe', 22),
(77, 'Paung', 'KDHW-110', 'Tsp-22', 'Ta Kreh', 'Hlaingbwe', 22),
(78, 'Poe Yae', 'BMA-131', 'Tsp-10', 'Kaw Tari', 'Kyainseikgyi', 10),
(79, 'Hpa Bote', 'BMA-060', 'Tsp-12', 'Kru Tu', 'Kawkareik', 12),
(80, 'Tha Main Dut', 'BPHWT-069', 'Tsp-12', 'Kru Tu', 'Kawkareik', 12),
(81, 'Kwin Ka Lay', 'BMA-146', 'Tsp-10', 'Kaw Tari', 'Kyainseikgyi', 10),
(82, 'Laung Kaing', 'KDHW-171', 'Tsp-12', 'Kru Tu', 'Kawkareik', 12),
(83, 'Kyaw Hta', 'BMA-012', 'Tsp-10', 'Kaw Tari', 'Kyainseikgyi', 10),
(84, 'Mae Ka Tee', 'BPHWT-015', 'Tsp-10', 'Kaw Tari', 'Kyainseikgyi', 10),
(85, 'Noh Pah Htaw', 'BPHWT-024', 'Tsp-20', 'Waw Ray', 'Kyainseikgyi', 20),
(86, 'Ka Sa', 'BPHWT-011', 'Tsp-18', 'Noh Ta Kaw', 'Kyainseikgyi', 18),
(87, 'Joe Phyu', 'BMA-008', 'Tsp-10', 'Kaw Tari', 'Kyainseikgyi', 10),
(88, 'Mae Zali', 'BPHWT-016', 'Tsp-20', 'Waw Ray', 'Kyainseikgyi', 20),
(89, 'Ko Yaung', 'BPHWT-010', 'Tsp-20', 'Waw Ray', 'Kyainseikgyi', 20),
(90, 'Ma Eu', 'BPHWT-014', 'Tsp-20', 'Waw Ray', 'Kyainseikgyi', 20),
(91, 'Naung Kai', 'BPHWT-058', 'Tsp-23', 'Ta Nay Hsah', 'Kawkareik', 23),
(92, 'Htee War Blaw', 'BPHWT-045', 'Tsp-23', 'Ta Nay Hsah', 'Myawaddy', 23),
(93, 'Htee Ka Lay', 'BPHWT-057', 'Tsp-23', 'Ta Nay Hsah', 'Kawkareik', 23),
(94, 'Klu Gyi', 'KDHW-173', 'Tsp-04', 'Hpaan', 'Hpa-an', 4),
(95, 'Ei Hae', 'KDHW-175', 'Tsp-04', 'Hpaan', 'Hpa-an', 4),
(96, 'Ta Gay Laung', 'BPHWT-184', 'Tsp-04', 'Hpaan', 'Hpa-an', 4),
(97, 'Plaw Nya Thee', 'BPHWT-029', 'Tsp-22', 'Lu Pleh', 'Hlaingbwe', 22),
(98, 'Khaw Thoo Hkee', 'BPHWT-027', 'Tsp-22', 'Lu Pleh', 'Hlaingbwe', 22),
(99, 'Ma Reh Hta', 'KDHW-251', 'Tsp-20', 'Waw Ray', 'Ye', 20),
(100, 'Bu Thaw Plaw', 'KDHW-165', 'Tsp-11', 'Tanawthari', 'Tanintharyi', 11),
(101, 'Htoe Lel Wah Khee', 'BPHWT-026', 'Tsp-18', 'Noh Ta Kaw', 'Kyainseikgyi', 18),
(102, 'Kyaw Kay Hkee', 'KDHW-178', 'Tsp-04', 'Hpaan', 'Hpa-an', 4),
(103, 'Kyaut Phyar', 'KDHW-310', 'Tsp-21', 'Kru Tu', 'Kawkareik', 21),
(104, 'Mae Sa Mate', 'BPHWT-133', 'Tsp-22', 'Lu Pleh', 'Hlaingbwe', 22),
(105, 'Naung Taing', 'BPHWT-132', 'Tsp-22', 'Lu Pleh', 'Hlaingbwe', 22),
-- (106, 'BPHWT-132', '', '', '', ''),
(107, 'Kyite Done', 'BMA-013', 'Tsp-19', 'Kaw Tari', 'Kyainseikgyi', 19),
-- (108, 'Toh Lwee Wah', 'KDHW-127', 'Tsp-06', 'Htaw Ta Htu', 'Htantabin', 6),
(109, 'Paw Nar Moo', 'BPHWT-022', 'Tsp-18', 'Noh Ta Kaw', 'Kyainseikgyi', 18),
(110, 'Ta Reik Ta Khaung', 'KDHW-326', 'Tsp-18', 'Noh Ta Kaw', 'Kawkareik', 18),
(111, 'Hlaing Dan', 'BMA-136', 'Tsp-18', 'Noh Ta Kaw', 'Kawkareik', 18),
(112, 'Noh Aww Lar', 'KDHW-325', 'Tsp-04', 'Hpa-an', 'Hpa-an', 4),
-- (113, 'Noh Aww Lar', 'KDHW-325', 'Tsp-04', 'Hpaan', 'Hpa-an', 4),
(115, 'Htee Moo Klo', 'KDHW-172', 'Tsp-06', 'Htaw Ta Htu', 'Htantabin', 6),
(116, 'Htee Tha Saw', 'KDHW-118', 'Tsp-05', 'Daw Hpa Hkoh', 'Thandaunggyi', 5),
(117, 'Mae Tharaw Hta', 'BMA-020', 'Tsp-19', 'Kaw Tari', 'Kyainseikgyi', 19);

INSERT INTO `Village` (`id`,`name`, `code`, `vthcCode`, `vthcName`) VALUES
(1, 'Mae Naw Ther Hkee', 'MON-003-VIL-029', 'KDHW-113', 'Gaw Htee Hkee'),
(2, 'Pet Wah Hta', 'MON-003-VIL-033', 'KDHW-113', 'Gaw Htee Hkee'),
(3, 'Paw Gee Hkee', 'MON-003-VIL-032', 'KDHW-113', 'Gaw Htee Hkee'),
(4, 'Naw Keh', 'MON-003-VIL-030', 'KDHW-113', 'Gaw Htee Hkee'),
(5, 'Htaw Poe Hta', 'MON-003-VIL-036', 'KDHW-113', 'Gaw Htee Hkee'),
(6, 'Gaw Htee Hkee', 'MON-003-VIL-025', 'KDHW-113', 'Gaw Htee Hkee'),
(7, 'Sar Pra Law', 'MON-003-VIL-035', 'KDHW-113', 'Gaw Htee Hkee'),
(8, 'Sar Pra Hkee', 'MON-003-VIL-034', 'KDHW-113', 'Gaw Htee Hkee'),
(9, 'Gaw Htee Hta', 'MON-003-VIL-026', 'KDHW-113', 'Gaw Htee Hkee'),
(10, 'Peh Leh Noh', 'MON-003-VIL-031', 'KDHW-113', 'Gaw Htee Hkee'),
(11, 'Lah Kyaw Hta', 'MON-003-VIL-027', 'KDHW-113', 'Gaw Htee Hkee'),
(12, 'Mae Naw Gaw Hta', 'MON-003-VIL-028', 'KDHW-113', 'Gaw Htee Hkee'),
(13, 'Htee Hser Hkee', 'KRN-006-VIL-017', 'KDHW-115', 'Kaw Hie'),
(14, 'Kaw Hae/Kaw Hae Hta Khaw', 'KRN-006-VIL-018', 'KDHW-115', 'Kaw Hie'),
(15, 'Kaw Hae Khoe Poe', 'KRN-006-VIL-019', 'KDHW-115', 'Kaw Hie'),
(16, 'Kaw Hae Lar Khaw', 'KRN-006-VIL-020', 'KDHW-115', 'Kaw Hie'),
(17, 'Shwe Oh', 'KRN-006-VIL-024', 'KDHW-115', 'Kaw Hie'),
(18, 'Noh Ber Baw', 'KRN-006-VIL-012', 'KDHW-116', 'Lay Ger Kler'),
(20, 'Naw Ka Toe', 'MON-005-VIL-001', 'KDHW-116', 'Lay Ger Kler'),
(21, 'Noh Ta Lar Aww', 'MON-005-VIL-003', 'KDHW-116', 'Lay Ger Kler'),
(22, 'Ta Maw Daw', 'MON-005-VIL-005', 'KDHW-116', 'Lay Ger Kler'),
(23, 'Par Paung', 'MON-005-VIL-004', 'KDHW-116', 'Lay Ger Kler'),
(24, 'Lay Ger Kler', 'MON-005-VIL-006', 'KDHW-116', 'Lay Ger Kler'),
(25, 'Baw Naw Hkee', 'KRN-006-VIL-002', 'KDHW-112', 'Ta Mae Kee'),
(26, 'Htaw Klaw Hkee', 'KRN-006-VIL-003', 'KDHW-112', 'Ta Mae Kee'),
(27, 'Htaw Klaw Hpoh Hkee', 'KRN-006-VIL-004', 'KDHW-112', 'Ta Mae Kee'),
(28, 'Kwee Lay Tha Waw Hpya/Kwee Lay', 'KRN-006-VIL-005', 'KDHW-112', 'Ta Mae Kee'),
(29, 'Ka Wa Hta', 'KRN-006-VIL-006', 'KDHW-112', 'Ta Mae Kee'),
(30, 'Klaw Hta', 'KRN-006-VIL-007', 'KDHW-112', 'Ta Mae Kee'),
(31, 'Kwee Lay Poo', 'KRN-006-VIL-008', 'KDHW-112', 'Ta Mae Kee'),
(32, 'La Kyoh Hkaw Htee', 'KRN-006-VIL-009', 'KDHW-112', 'Ta Mae Kee'),
(33, 'La Kyoh Hkoh', 'KRN-006-VIL-010', 'KDHW-112', 'Ta Mae Kee'),
(34, 'Meh Baw Hkee', 'KRN-006-VIL-011', 'KDHW-112', 'Ta Mae Kee'),
(35, 'Suh Hkee', 'KRN-006-VIL-013', 'KDHW-112', 'Ta Mae Kee'),
(36, 'Ta Meh Hkee', 'KRN-006-VIL-014', 'KDHW-112', 'Ta Mae Kee'),
(37, 'Toh Teh Hkee', 'KRN-006-VIL-015', 'KDHW-112', 'Ta Mae Kee'),
(38, 'Wah Kheh Hta', 'KRN-006-VIL-016', 'KDHW-112', 'Ta Mae Kee'),
(39, 'Lay Kaung Hti', 'KRN-006-VIL-027', 'KDHW-112', 'Ta Mae Kee'),
(40, 'Baw Naw Wah', 'KRN-006-VIL-061', 'KDHW-112', 'Ta Mae Kee'),
(41, 'Htee Pa Doh Hta (East)/Pyin Ma Pin Seik', 'KRN-006-VIL-021', 'KDHW-114', 'Yoe Kalar'),
(42, 'Yo Klar', 'KRN-006-VIL-030', 'KDHW-114', 'Yoe Kalar'),
(43, 'Htoo Gonn', 'KRN-006-VIL-031', 'KDHW-114', 'Yoe Kalar'),
(44, 'Baw Thay Hkee', 'KRN-007-VIL-091', 'KDHW-071', 'Day Bu Noh'),
(45, 'Day Bu Noh', 'KRN-007-VIL-092', 'KDHW-071', 'Day Bu Noh'),
(46, 'Dweh Loe - Thar Kho Ton Baw Hta', 'KRN-007-VIL-094', 'KDHW-071', 'Day Bu Noh'),
(47, 'Dweh Loe', 'KRN-007-VIL-096', 'KDHW-071', 'Day Bu Noh'),
(48, 'Has Law Pu', 'KRN-007-VIL-097', 'KDHW-071', 'Day Bu Noh'),
(49, 'Htee Poe Hta', 'KRN-007-VIL-099', 'KDHW-071', 'Day Bu Noh'),
(50, 'Htee Sweat Nee', 'KRN-007-VIL-100', 'KDHW-071', 'Day Bu Noh'),
(51, 'Kaw Kyoh', 'KRN-007-VIL-101', 'KDHW-071', 'Day Bu Noh'),
(52, 'Kler Hkee', 'KRN-007-VIL-102', 'KDHW-071', 'Day Bu Noh'),
(53, 'Lan Nar Der', 'KRN-007-VIL-104', 'KDHW-071', 'Day Bu Noh'),
(54, 'Lay Pu Der', 'KRN-007-VIL-105', 'KDHW-071', 'Day Bu Noh'),
(55, 'Lay Wah(DBN)', 'KRN-007-VIL-106', 'KDHW-071', 'Day Bu Noh'),
(56, 'Mae Wah - Ta Nay Poe Klar', 'KRN-007-VIL-107', 'KDHW-071', 'Day Bu Noh'),
(57, 'Maw Lay Ko', 'KRN-007-VIL-109', 'KDHW-071', 'Day Bu Noh'),
(58, 'Orr Law Khee', 'KRN-007-VIL-110', 'KDHW-071', 'Day Bu Noh'),
(59, 'Par Lar', 'KRN-007-VIL-111', 'KDHW-071', 'Day Bu Noh'),
(60, 'Pa Naw Kleh Pu', 'KRN-007-VIL-112', 'KDHW-071', 'Day Bu Noh'),
(61, 'Paw Say Pu', 'KRN-007-VIL-113', 'KDHW-071', 'Day Bu Noh'),
(62, 'Pay Kay Der', 'KRN-007-VIL-114', 'KDHW-071', 'Day Bu Noh'),
(63, 'Ta May Hta', 'KRN-007-VIL-115', 'KDHW-071', 'Day Bu Noh'),
(64, 'Tha Per Der', 'KRN-007-VIL-116', 'KDHW-071', 'Day Bu Noh'),
(65, 'Thay Ka Hta', 'KRN-007-VIL-117', 'KDHW-071', 'Day Bu Noh'),
(66, 'Klo Baw hta', 'KRN-007-VIL-329', 'KDHW-071', 'Day Bu Noh'),
(67, 'Section 1 (ETT)', 'KRN-007-VIL-003', 'KDHW-083', 'Ei Tu Ta'),
(68, 'Section 2 (ETT)', 'KRN-007-VIL-004', 'KDHW-083', 'Ei Tu Ta'),
(69, 'Section 3 (ETT)', 'KRN-007-VIL-005', 'KDHW-083', 'Ei Tu Ta'),
(70, 'Section 4 (ETT)', 'KRN-007-VIL-006', 'KDHW-083', 'Ei Tu Ta'),
(71, 'Section 5 (ETT)', 'KRN-007-VIL-007', 'KDHW-083', 'Ei Tu Ta'),
(72, 'Section 6 (ETT)', 'KRN-007-VIL-008', 'KDHW-083', 'Ei Tu Ta'),
(73, 'Baw Lor Der', 'KRN-007-VIL-121', 'KDHW-074', 'Htee Haw Hta'),
(74, 'Htee Yaw Lay Ko', 'KRN-007-VIL-122', 'KDHW-074', 'Htee Haw Hta'),
(75, 'Htee Saw a Hkee', 'KRN-007-VIL-123', 'KDHW-074', 'Htee Haw Hta'),
(76, 'Kaw Moh Pwa Der', 'KRN-007-VIL-124', 'KDHW-074', 'Htee Haw Hta'),
(77, 'Kler Baw Hta', 'KRN-007-VIL-125', 'KDHW-074', 'Htee Haw Hta'),
(78, 'Kwee Tu Hkee', 'KRN-007-VIL-126', 'KDHW-074', 'Htee Haw Hta'),
(79, 'Pa Hel Der', 'KRN-007-VIL-127', 'KDHW-074', 'Htee Haw Hta'),
(80, 'Pu Swer Der', 'KRN-007-VIL-128', 'KDHW-074', 'Htee Haw Hta'),
(81, 'Saw Ner Kee', 'KRN-007-VIL-130', 'KDHW-074', 'Htee Haw Hta'),
(82, 'Ta Ku Der', 'KRN-007-VIL-132', 'KDHW-074', 'Htee Haw Hta'),
(83, 'Saw Law', 'KRN-007-VIL-330', 'KDHW-074', 'Htee Haw Hta'),
(84, 'Shaw Kyaw', 'KRN-007-VIL-334', 'KDHW-074', 'Htee Haw Hta'),
(85, 'Ei Tu Hkee', 'KRN-007-VIL-009', 'KDHW-081', 'Ka Na Der'),
(86, 'Htee Poe Der', 'KRN-007-VIL-010', 'KDHW-081', 'Ka Na Der'),
(87, 'Htee Wah Ka Hta', 'KRN-007-VIL-011', 'KDHW-081', 'Ka Na Der'),
(88, 'Htoe Pa Der', 'KRN-007-VIL-012', 'KDHW-081', 'Ka Na Der'),
(89, 'Ka Na Del', 'KRN-007-VIL-013', 'KDHW-081', 'Ka Na Der'),
(90, 'Kaw Mae Law Khee', 'KRN-007-VIL-015', 'KDHW-081', 'Ka Na Der'),
(91, 'Kee Ku Daw Khee', 'KRN-007-VIL-016', 'KDHW-081', 'Ka Na Der'),
(92, 'Kyo Kho Der', 'KRN-007-VIL-018', 'KDHW-081', 'Ka Na Der'),
(93, 'Mae Thaw Khee', 'KRN-007-VIL-019', 'KDHW-081', 'Ka Na Der'),
(94, 'Paw Nel Mu Lu', 'KRN-007-VIL-020', 'KDHW-081', 'Ka Na Der'),
(95, 'Poe Mu Del', 'KRN-007-VIL-021', 'KDHW-081', 'Ka Na Der'),
(96, 'Baw Kaw Per Koh', 'KRN-007-VIL-465', 'KDHW-081', 'Ka Na Der'),
(97, 'Keh Kah Khee', 'KRN-007-VIL-468', 'KDHW-081', 'Ka Na Der'),
(98, 'Baw Lay Der', 'KRN-007-VIL-158', 'KDHW-089', 'Kay Pu'),
(99, 'Beh Thaw Loh', 'KRN-007-VIL-159', 'KDHW-089', 'Kay Pu'),
(100, 'Geh Yu Der', 'KRN-007-VIL-160', 'KDHW-089', 'Kay Pu'),
(101, 'Gu Gaw Der', 'KRN-007-VIL-161', 'KDHW-089', 'Kay Pu'),
(102, 'Kay Pu', 'KRN-007-VIL-164', 'KDHW-089', 'Kay Pu'),
(103, 'Ku Lar Der', 'KRN-007-VIL-166', 'KDHW-089', 'Kay Pu'),
(104, 'Leh Hkee', 'KRN-007-VIL-167', 'KDHW-089', 'Kay Pu'),
(105, 'Plo Kee', 'KRN-007-VIL-168', 'KDHW-089', 'Kay Pu'),
(106, 'Si Day', 'KRN-007-VIL-170', 'KDHW-089', 'Kay Pu'),
(107, 'Ta Keh Der', 'KRN-007-VIL-171', 'KDHW-089', 'Kay Pu'),
(108, 'Ta May Hkee', 'KRN-007-VIL-172', 'KDHW-089', 'Kay Pu'),
(109, 'Taw Ku Mu Der', 'KRN-007-VIL-174', 'KDHW-089', 'Kay Pu'),
(110, 'Thay Thu Hkee', 'KRN-007-VIL-175', 'KDHW-089', 'Kay Pu'),
(111, 'Boh Nar Der', 'KRN-007-VIL-344', 'KDHW-089', 'Kay Pu'),
(112, 'Htee Polo', 'KRN-007-VIL-345', 'KDHW-089', 'Kay Pu'),
(113, 'Htee Si Hkee', 'KRN-007-VIL-346', 'KDHW-089', 'Kay Pu'),
(114, 'Plo Hkee', 'KRN-007-VIL-348', 'KDHW-089', 'Kay Pu'),
(115, 'Ta Yu Hkee', 'KRN-007-VIL-349', 'KDHW-089', 'Kay Pu'),
(116, 'Kaw Ter Der', 'KRN-007-VIL-482', 'KDHW-089', 'Kay Pu'),
(117, 'Gaw Hta', 'KRN-007-VIL-135', 'KDHW-075', 'Keh Pa'),
(118, 'Htee Ko Khee', 'KRN-007-VIL-138', 'KDHW-075', 'Keh Pa'),
(119, 'Htee Law Theet Khee', 'KRN-007-VIL-139', 'KDHW-075', 'Keh Pa'),
(120, 'Ka Nel Der', 'KRN-007-VIL-140', 'KDHW-075', 'Keh Pa'),
(121, 'Kay Mu Der', 'KRN-007-VIL-142', 'KDHW-075', 'Keh Pa'),
(122, 'Kel pa /Kel Pa Hta', 'KRN-007-VIL-143', 'KDHW-075', 'Keh Pa'),
(123, 'Lay Poe Kaw Htee', 'KRN-007-VIL-147', 'KDHW-075', 'Keh Pa'),
(124, 'Nya Mu Der', 'KRN-007-VIL-149', 'KDHW-075', 'Keh Pa'),
(125, 'Per Khee Del', 'KRN-007-VIL-152', 'KDHW-075', 'Keh Pa'),
(126, 'Pon Thoo', 'KRN-007-VIL-153', 'KDHW-075', 'Keh Pa'),
(127, 'Tha Lei Gaw Der', 'KRN-007-VIL-154', 'KDHW-075', 'Keh Pa'),
(128, 'Thwar Hta', 'KRN-007-VIL-155', 'KDHW-075', 'Keh Pa'),
(129, 'Kaw Mu Hkee', 'KRN-007-VIL-343', 'KDHW-075', 'Keh Pa'),
(130, 'Baw Wa Htee Hkee', 'KRN-007-VIL-023', 'KDHW-082', 'Khaw Pu'),
(131, 'Kay Hta', 'KRN-007-VIL-024', 'KDHW-082', 'Khaw Pu'),
(132, 'Lay Kwe Loh', 'KRN-007-VIL-026', 'KDHW-082', 'Khaw Pu'),
(133, 'Ler Gaw Der', 'KRN-007-VIL-027', 'KDHW-082', 'Khaw Pu'),
(134, 'Oak Koh', 'KRN-007-VIL-028', 'KDHW-082', 'Khaw Pu'),
(135, 'Paw Hkee', 'KRN-007-VIL-029', 'KDHW-082', 'Khaw Pu'),
(136, 'Per Hta', 'KRN-007-VIL-030', 'KDHW-082', 'Khaw Pu'),
(137, 'Pway Lu', 'KRN-007-VIL-031', 'KDHW-082', 'Khaw Pu'),
(138, 'Ta Khu Der', 'KRN-007-VIL-032', 'KDHW-082', 'Khaw Pu'),
(139, 'Ta Nya Loe', 'KRN-007-VIL-033', 'KDHW-082', 'Khaw Pu'),
(140, 'Du Pwar', 'KRN-007-VIL-305', 'KDHW-082', 'Khaw Pu'),
(141, 'Htoe Ko Pa Thoo Hta', 'KRN-007-VIL-306', 'KDHW-082', 'Khaw Pu'),
(142, 'Ka Saw Pu Lu', 'KRN-007-VIL-307', 'KDHW-082', 'Khaw Pu'),
(143, 'Ka Wa Day Law Hta', 'KRN-007-VIL-308', 'KDHW-082', 'Khaw Pu'),
(144, 'Maw Kway Hta', 'KRN-007-VIL-309', 'KDHW-082', 'Khaw Pu'),
-- (145, 'Paw HKee', 'KRN-007-VIL-310', 'KDHW-082', 'Khaw Pu'),
(146, 'Pu Law Tae', 'KRN-007-VIL-311', 'KDHW-082', 'Khaw Pu'),
(147, 'Pway Day', 'KRN-007-VIL-312', 'KDHW-082', 'Khaw Pu'),
(148, 'Saw Moe Pu', 'KRN-007-VIL-313', 'KDHW-082', 'Khaw Pu'),
(149, 'Ta Khaw Hta', 'KRN-007-VIL-314', 'KDHW-082', 'Khaw Pu'),
(150, 'Thel Koh Daw', 'KRN-007-VIL-315', 'KDHW-082', 'Khaw Pu'),
(151, 'kyaw pa Htee Ni', 'KRN-007-VIL-034', 'KDHW-084', 'Kyaw Pa'),
(152, 'Kyaw Pa Kaw Koh', 'KRN-007-VIL-035', 'KDHW-084', 'Kyaw Pa'),
(153, 'Kyaw Pa Ma Kwee Koh', 'KRN-007-VIL-036', 'KDHW-084', 'Kyaw Pa'),
(154, 'Kyaw Pa Ta Poh Pu', 'KRN-007-VIL-037', 'KDHW-084', 'Kyaw Pa'),
(155, 'Na Kyaw', 'KRN-007-VIL-038', 'KDHW-084', 'Kyaw Pa'),
(156, 'Paw Ta Kwee', 'KRN-007-VIL-039', 'KDHW-084', 'Kyaw Pa'),
(157, 'Bue Wah Kwee', 'KRN-007-VIL-316', 'KDHW-084', 'Kyaw Pa'),
(158, 'Plaw Hpa Leh', 'KRN-007-VIL-317', 'KDHW-084', 'Kyaw Pa'),
(159, 'Pwa Day Mu', 'KRN-007-VIL-318', 'KDHW-084', 'Kyaw Pa'),
(160, 'Thaw Geh Hta', 'KRN-007-VIL-319', 'KDHW-084', 'Kyaw Pa'),
(161, 'Htee Gay Lo', 'KRN-007-VIL-320', 'KDHW-084', 'Kyaw Pa'),
(162, 'Kwee Net', 'KRN-007-VIL-321', 'KDHW-084', 'Kyaw Pa'),
(163, 'Mae Nyaw', 'KRN-007-VIL-322', 'KDHW-084', 'Kyaw Pa'),
(164, 'Wa Moe Law', 'KRN-007-VIL-323', 'KDHW-084', 'Kyaw Pa'),
(165, 'Dah Koh War', 'KRN-007-VIL-046', 'KDHW-087', 'Ma Lay Ler'),
(166, 'Kay Kaw', 'KRN-007-VIL-047', 'KDHW-087', 'Ma Lay Ler'),
(167, 'Ka Neh Khaw Hta/ Khaw Kwee', 'KRN-007-VIL-048', 'KDHW-087', 'Ma Lay Ler'),
(168, 'Kwee Ter Ma', 'KRN-007-VIL-049', 'KDHW-087', 'Ma Lay Ler'),
(169, 'Lay Khee', 'KRN-007-VIL-050', 'KDHW-087', 'Ma Lay Ler'),
(170, 'Ma Lay Ler', 'KRN-007-VIL-051', 'KDHW-087', 'Ma Lay Ler'),
(171, 'Ma Oh Koh', 'KRN-007-VIL-052', 'KDHW-087', 'Ma Lay Ler'),
(172, 'Mae Htell', 'KRN-007-VIL-054', 'KDHW-087', 'Ma Lay Ler'),
(173, 'Mae Pu Hta', 'KRN-007-VIL-056', 'KDHW-087', 'Ma Lay Ler'),
(174, 'Mae Pu Hkee', 'KRN-007-VIL-057', 'KDHW-087', 'Ma Lay Ler'),
(175, 'Mae Toe Khee', 'KRN-007-VIL-058', 'KDHW-087', 'Ma Lay Ler'),
(176, 'Maw Hta', 'KRN-007-VIL-059', 'KDHW-087', 'Ma Lay Ler'),
(177, 'Nya Hsah Gaw Hta', 'KRN-007-VIL-060', 'KDHW-087', 'Ma Lay Ler'),
(178, 'Pway Pywar', 'KRN-007-VIL-061', 'KDHW-087', 'Ma Lay Ler'),
(179, 'Saw Pwee Hta', 'KRN-007-VIL-062', 'KDHW-087', 'Ma Lay Ler'),
(180, 'Saw Pwee Hkee', 'KRN-007-VIL-063', 'KDHW-087', 'Ma Lay Ler'),
(181, 'Thay Kyo', 'KRN-007-VIL-065', 'KDHW-087', 'Ma Lay Ler'),
(182, 'Wah Khar Hta(Mae Wah Hta)', 'KRN-007-VIL-066', 'KDHW-087', 'Ma Lay Ler'),
(183, 'Wah Mee Koh (MLL)', 'KRN-007-VIL-067', 'KDHW-087', 'Ma Lay Ler'),
(184, 'Wah Thoe Klar', 'KRN-007-VIL-068', 'KDHW-087', 'Ma Lay Ler'),
(185, 'Waw Mu', 'KRN-007-VIL-069', 'KDHW-087', 'Ma Lay Ler'),
(186, 'Wall Wee Lay', 'KRN-007-VIL-070', 'KDHW-087', 'Ma Lay Ler'),

(196, 'Baw Ro Mu Dah', 'KRN-007-VIL-176', 'KDHW-072', 'Naw Yoe Hta'),
(197, 'Bler Gaw', 'KRN-007-VIL-177', 'KDHW-072', 'Naw Yoe Hta'),
(198, 'Bler Lu', 'KRN-007-VIL-178', 'KDHW-072', 'Naw Yoe Hta'),
(199, 'Hee Hpoe', 'KRN-007-VIL-179', 'KDHW-072', 'Naw Yoe Hta'),
(200, 'Hsaw Mi Hta', 'KRN-007-VIL-180', 'KDHW-072', 'Naw Yoe Hta'),
(201, 'Hta Thoo Day', 'KRN-007-VIL-181', 'KDHW-072', 'Naw Yoe Hta'),
(202, 'Htee Bway Hkee', 'KRN-007-VIL-182', 'KDHW-072', 'Naw Yoe Hta'),
(203, 'Htoo Pwo Hta', 'KRN-007-VIL-184', 'KDHW-072', 'Naw Yoe Hta'),
(204, 'Ka Leh Lo', 'KRN-007-VIL-185', 'KDHW-072', 'Naw Yoe Hta'),
(205, 'Ka Neh Mu Der', 'KRN-007-VIL-186', 'KDHW-072', 'Naw Yoe Hta'),
(206, 'Keh Koh Mu Der', 'KRN-007-VIL-188', 'KDHW-072', 'Naw Yoe Hta'),
(207, 'Keh Leh Der', 'KRN-007-VIL-189', 'KDHW-072', 'Naw Yoe Hta'),
(208, 'Koe Kyaw Der', 'KRN-007-VIL-191', 'KDHW-072', 'Naw Yoe Hta'),
(209, 'Koe Lay', 'KRN-007-VIL-192', 'KDHW-072', 'Naw Yoe Hta'),
(210, 'Koe Tha Loe Der', 'KRN-007-VIL-193', 'KDHW-072', 'Naw Yoe Hta'),
(211, 'Lay Wah (NYH)', 'KRN-007-VIL-194', 'KDHW-072', 'Naw Yoe Hta'),
(212, 'Ma Mee', 'KRN-007-VIL-195', 'KDHW-072', 'Naw Yoe Hta'),
(213, 'Ma Peh (Ma Meh)', 'KRN-007-VIL-196', 'KDHW-072', 'Naw Yoe Hta'),
(214, 'Naw Yo Hta', 'KRN-007-VIL-197', 'KDHW-072', 'Naw Yoe Hta'),
(215, 'Nya Lo Der', 'KRN-007-VIL-198', 'KDHW-072', 'Naw Yoe Hta'),
(216, 'Paw Mu Kah Der', 'KRN-007-VIL-202', 'KDHW-072', 'Naw Yoe Hta'),
(217, 'Paw Khee', 'KRN-007-VIL-203', 'KDHW-072', 'Naw Yoe Hta'),
(218, 'Taw Tho Der', 'KRN-007-VIL-204', 'KDHW-072', 'Naw Yoe Hta'),
(219, 'Thaw Khee Der', 'KRN-007-VIL-205', 'KDHW-072', 'Naw Yoe Hta'),
(220, 'Thoo Kler', 'KRN-007-VIL-206', 'KDHW-072', 'Naw Yoe Hta'),
(221, 'Yu Ghoe Lo Der', 'KRN-007-VIL-207', 'KDHW-072', 'Naw Yoe Hta'),

(236, 'Klaw Khee Der', 'KRN-007-VIL-040', 'KDHW-079', 'Tha Thwe Der'),
(237, 'Lay Wah Der', 'KRN-007-VIL-041', 'KDHW-079', 'Tha Thwe Der'),
(238, 'Per Ler Der', 'KRN-007-VIL-042', 'KDHW-079', 'Tha Thwe Der'),
(239, 'Tha Thwee Der', 'KRN-007-VIL-043', 'KDHW-079', 'Tha Thwe Der'),
(240, 'Tho Bee Del', 'KRN-007-VIL-044', 'KDHW-079', 'Tha Thwe Der'),
(241, 'Wai Naw Der', 'KRN-007-VIL-045', 'KDHW-079', 'Tha Thwe Der'),
(242, 'Poe Per Lu', 'KRN-007-VIL-325', 'KDHW-079', 'Tha Thwe Der'),
(243, 'Goh Kaw Khee', 'KRN-007-VIL-220', 'KDHW-080', 'Toe Thay Der'),
(244, 'Yu Wah Der', 'KRN-007-VIL-221', 'KDHW-080', 'Toe Thay Der'),
(245, 'Lay Ther Kho/Ta Law Plo Khee', 'KRN-007-VIL-222', 'KDHW-080', 'Toe Thay Der'),
(246, 'Htee Thel Khee + Toe Ka Khee', 'KRN-007-VIL-223', 'KDHW-080', 'Toe Thay Der'),
(247, 'Eh Maw Der', 'KRN-007-VIL-224', 'KDHW-080', 'Toe Thay Der'),
(248, 'Toe Thay Del', 'KRN-007-VIL-225', 'KDHW-080', 'Toe Thay Der'),
(249, 'Baw Kaw Der', 'KRN-007-VIL-227', 'KDHW-080', 'Toe Thay Der'),
(250, 'Kaw Per Koh', 'KRN-007-VIL-361', 'KDHW-080', 'Toe Thay Der'),
(251, 'Mae Nu Hta', 'KRN-007-VIL-362', 'KDHW-080', 'Toe Thay Der'),
(252, 'Mwee Khee Der', 'KRN-007-VIL-363', 'KDHW-080', 'Toe Thay Der'),
(253, 'Noh Ka La', 'KRN-007-VIL-364', 'KDHW-080', 'Toe Thay Der'),
(254, 'Paw Kar Pu', 'KRN-007-VIL-365', 'KDHW-080', 'Toe Thay Der'),
(255, 'Paw Plaw Khee', 'KRN-007-VIL-366', 'KDHW-080', 'Toe Thay Der'),
(256, 'Ter Nya Der', 'KRN-007-VIL-367', 'KDHW-080', 'Toe Thay Der'),
(257, 'Toe Ka Khee', 'KRN-007-VIL-368', 'KDHW-080', 'Toe Thay Der'),
(258, 'Toe Thay Der', 'KRN-007-VIL-369', 'KDHW-080', 'Toe Thay Der'),
(259, 'Wa Ka Ma Hta', 'KRN-007-VIL-370', 'KDHW-080', 'Toe Thay Der'),
(260, 'Yu Thu Per Koh', 'KRN-007-VIL-371', 'KDHW-080', 'Toe Thay Der'),
(261, 'Htee Gaw Hta', 'KRN-007-VIL-072', 'KDHW-086', 'Wah Ka Der'),
(262, 'Ker Kaw Law', 'KRN-007-VIL-073', 'KDHW-086', 'Wah Ka Der'),
(263, 'Khaw Wah', 'KRN-007-VIL-074', 'KDHW-086', 'Wah Ka Der'),
(264, 'Ler Htu Poe', 'KRN-007-VIL-077', 'KDHW-086', 'Wah Ka Der'),
(265, 'Meh Gar Law', 'KRN-007-VIL-078', 'KDHW-086', 'Wah Ka Der'),
(266, 'Meh Kaw Law', 'KRN-007-VIL-079', 'KDHW-086', 'Wah Ka Der'),
(267, 'Meh Kyi Hta', 'KRN-007-VIL-080', 'KDHW-086', 'Wah Ka Der'),
(268, 'Meh Ta Khoh Hta', 'KRN-007-VIL-081', 'KDHW-086', 'Wah Ka Der'),
(269, 'Na Koh Khee', 'KRN-007-VIL-082', 'KDHW-086', 'Wah Ka Der'),
(270, 'Na Ku Hta', 'KRN-007-VIL-083', 'KDHW-086', 'Wah Ka Der'),
(271, 'Nya Hsah Hkee', 'KRN-007-VIL-084', 'KDHW-086', 'Wah Ka Der'),
(272, 'Oo Ray Hkee', 'KRN-007-VIL-085', 'KDHW-086', 'Wah Ka Der'),
(273, 'Paw Wa Der', 'KRN-007-VIL-086', 'KDHW-086', 'Wah Ka Der'),
(274, 'Ta Nay Poe Kler', 'KRN-007-VIL-087', 'KDHW-086', 'Wah Ka Der'),
(275, 'Wa Tay', 'KRN-007-VIL-089', 'KDHW-086', 'Wah Ka Der'),
(276, 'Oh Poe Hta', 'KRN-004-VIL-050', 'KDHW-041', 'Baw Way Hta'),
(277, 'Htee Ther Leh', 'KRN-004-VIL-067', 'KDHW-041', 'Baw Way Hta'),
(278, 'Ka Neh Lay', 'KRN-004-VIL-074', 'KDHW-041', 'Baw Way Hta'),
(279, 'Ler Khaw', 'KRN-004-VIL-085', 'KDHW-041', 'Baw Way Hta'),
(280, 'Ta Khaw Hka Kloe', 'KRN-004-VIL-110', 'KDHW-041', 'Baw Way Hta'),
(281, 'Waw Lay Hkee', 'KRN-004-VIL-123', 'KDHW-041', 'Baw Way Hta'),
(282, 'Maw Hkee', 'KRN-004-VIL-153', 'KDHW-050', 'Maw Poh Kloh'),
(283, 'Kler Law Keh/ Kler Law Sae', 'KRN-004-VIL-196', 'KDHW-050', 'Maw Poh Kloh'),
(284, 'Kyi Hser Paw/ Kwee Hser Paw', 'KRN-004-VIL-198', 'KDHW-050', 'Maw Poh Kloh'),
(285, 'Maw Poe Kloe', 'KRN-004-VIL-201', 'KDHW-050', 'Maw Poh Kloh'),
(286, 'Ta Kaw Ka Kloe', 'KRN-004-VIL-208', 'KDHW-050', 'Maw Poh Kloh'),
(287, 'Kaw Ser', 'KRN-003-VIL-085', 'KDHW-003', 'Dawna Seven1'),
(288, 'Pai Ka Launt Don (Peh Traw Doo)', 'KRN-003-VIL-302', 'KDHW-003', 'Dawna Seven1'),
(289, 'Law Pa (Lan Phar)', 'KRN-003-VIL-366', 'KDHW-003', 'Dawna Seven1'),
(290, 'Pa Nwet Pu', 'KRN-003-VIL-654', 'KDHW-003', 'Dawna Seven1'),
(291, 'Meh Pleh (Mi Pa Lie)', 'KRN-003-VIL-125', 'KDHW-004', 'Dawna Seven2'),
(292, 'A zoo (Ah Kyone)', 'KRN-003-VIL-345', 'KDHW-004', 'Dawna Seven2'),
(293, 'Kuh Duh', 'KRN-003-VIL-361', 'KDHW-004', 'Dawna Seven2'),
(294, 'Tha Nay Kwee', 'KRN-003-VIL-092', 'KDHW-068', 'Dawna Seven3'),
(295, 'U Kyu Kee', 'KRN-003-VIL-103', 'KDHW-068', 'Dawna Seven3'),
(296, 'Ta Aye Shay', 'KRN-003-VIL-127', 'KDHW-068', 'Dawna Seven3'),
(297, 'Aw Tu Hta', 'KRN-003-VIL-212', 'KDHW-068', 'Dawna Seven3'),
(298, 'Ei Bine', 'KRN-002-VIL-035', 'KDHW-059', 'Ei Ben'),
(299, 'Htee Hpo Ka Law', 'KRN-002-VIL-037', 'KDHW-059', 'Ei Ben'),
(300, 'Htee Mae Baw', 'KRN-002-VIL-039', 'KDHW-059', 'Ei Ben'),
(301, 'Kyar Yoe Kone', 'KRN-002-VIL-055', 'KDHW-059', 'Ei Ben');

-- Insert Dummy Data into Department Table
INSERT INTO `Department` (`name`, `createdAt`, `updatedAt`) VALUES
('Human Resources', NOW(), NOW()),
('Finance', NOW(), NOW()),
('Engineering', NOW(), NOW()),
('Sales', NOW(), NOW()),
('Marketing', NOW(), NOW());

-- Insert Dummy Data into Position Table
INSERT INTO `Position` (`name`, `departmentId`, `createdAt`, `updatedAt`) VALUES
('HR Manager', 1, NOW(), NOW()),
('HR Assistant', 1, NOW(), NOW()),
('Finance Manager', 2, NOW(), NOW()),
('Accountant', 2, NOW(), NOW()),
('Software Engineer', 3, NOW(), NOW()),
('Senior Engineer', 3, NOW(), NOW()),
('Sales Representative', 4, NOW(), NOW()),
('Sales Manager', 4, NOW(), NOW()),
('Marketing Manager', 5, NOW(), NOW()),
('Marketing Specialist', 5, NOW(), NOW());

INSERT INTO `Project` (`name`, `description`, `createdAt`, `updatedAt`) VALUES
('Project Alpha', 'Description for Project Alpha', NOW(), NOW()),
('Project Beta', 'Description for Project Beta', NOW(), NOW()),
('Project Gamma', 'Description for Project Gamma', NOW(), NOW()),
('Project Delta', 'Description for Project Delta', NOW(), NOW()),
('Project Epsilon', 'Description for Project Epsilon', NOW(), NOW()),
('Project Zeta', 'Description for Project Zeta', NOW(), NOW()),
('Project Eta', 'Description for Project Eta', NOW(), NOW()),
('Project Theta', 'Description for Project Theta', NOW(), NOW()),
('Project Iota', 'Description for Project Iota', NOW(), NOW()),
('Project Kappa', 'Description for Project Kappa', NOW(), NOW()),
('Project Lambda', 'Description for Project Lambda', NOW(), NOW()),
('Project Mu', 'Description for Project Mu', NOW(), NOW()),
('Project Nu', 'Description for Project Nu', NOW(), NOW()),
('Project Xi', 'Description for Project Xi', NOW(), NOW()),
('Project Omicron', 'Description for Project Omicron', NOW(), NOW()),
('Project Pi', 'Description for Project Pi', NOW(), NOW()),
('Project Rho', 'Description for Project Rho', NOW(), NOW()),
('Project Sigma', 'Description for Project Sigma', NOW(), NOW()),
('Project Tau', 'Description for Project Tau', NOW(), NOW()),
('Project Upsilon', 'Description for Project Upsilon', NOW(), NOW());


INSERT INTO Jobs (code, jobTitle, minSalary, maxSalary) VALUES
('A123', 'Software Engineer', 50000, 100000),
('B456', 'Data Scientist', 60000, 120000),
('C789', 'Product Manager', 55000, 110000),
('D012', 'UX Designer', 45000, 90000),
('E345', 'DevOps Engineer', 65000, 130000),
('F678', 'Marketing Specialist', 40000, 85000),
('G901', 'Sales Manager', 50000, 105000),
('H234', 'HR Coordinator', 35000, 75000);

-- missing codes KDHW-170
-- (187, 'Shoper Koh', 'KRN-007-VIL-169', 'KDHW-170', 'Naw Yo Hta/Thaw Tu Hkee'),
-- (188, 'Bee Koh Der', 'KRN-007-VIL-351', 'KDHW-170', 'Naw Yo Hta/Thaw Tu Hkee'),
-- (189, 'Blaw Koh', 'KRN-007-VIL-352', 'KDHW-170', 'Naw Yo Hta/Thaw Tu Hkee'),
-- (190, 'Hser Htee', 'KRN-007-VIL-353', 'KDHW-170', 'Naw Yo Hta/Thaw Tu Hkee'),
-- (191, 'Htee Hsar Hkee', 'KRN-007-VIL-354', 'KDHW-170', 'Naw Yo Hta/Thaw Tu Hkee'),
-- (192, 'Htee Keh Hkee', 'KRN-007-VIL-355', 'KDHW-170', 'Naw Yo Hta/Thaw Tu Hkee'),
-- (193, 'Ka Baw Hkee/Tha May Wah Lo', 'KRN-007-VIL-356', 'KDHW-170', 'Naw Yo Hta/Thaw Tu Hkee'),
-- (194, 'Ler Mu Plaw', 'KRN-007-VIL-357', 'KDHW-170', 'Naw Yo Hta/Thaw Tu Hkee'),
-- (195, 'Theh Hkee/Thay Per Koh', 'KRN-007-VIL-358', 'KDHW-170', 'Naw Yo Hta/Thaw Tu Hkee'),

-- (222, 'Hee Hpoh Der', 'KRN-007-VIL-208', 'KDHW-077', 'Ta Oh Der'),
-- (223, 'Htee Hsee Hta', 'KRN-007-VIL-209', 'KDHW-077', 'Ta Oh Der'),
-- (224, 'Mee Maw Der', 'KRN-007-VIL-210', 'KDHW-077', 'Ta Oh Der'),
-- (225, 'Pa Deh Der', 'KRN-007-VIL-211', 'KDHW-077', 'Ta Oh Der'),
-- (226, 'Pa Tay Der', 'KRN-007-VIL-212', 'KDHW-077', 'Ta Oh Der'),
-- (227, 'Ta Kaw Toh Baw', 'KRN-007-VIL-213', 'KDHW-077', 'Ta Oh Der'),
-- (228, 'Ta Oo Der (East)', 'KRN-007-VIL-214', 'KDHW-077', 'Ta Oh Der'),
-- (229, 'Tay Muh Der', 'KRN-007-VIL-215', 'KDHW-077', 'Ta Oh Der'),
-- (230, 'Tha Dah Der', 'KRN-007-VIL-216', 'KDHW-077', 'Ta Oh Der'),
-- (231, 'Thay Tha Muh Der', 'KRN-007-VIL-217', 'KDHW-077', 'Ta Oh Der'),
-- (232, 'Thoo Koh Hkee', 'KRN-007-VIL-218', 'KDHW-077', 'Ta Oh Der'),
-- (233, 'Weh Loo', 'KRN-007-VIL-219', 'KDHW-077', 'Ta Oh Der'),
-- (234, 'Pa Deh Der', 'KRN-007-VIL-360', 'KDHW-077', 'Ta Oh Der'),
-- (235, 'Hee Poe Del', 'KRN-007-VIL-466', 'KDHW-077', 'Ta Oh Der'),

